date,legacy_log_rv,rebuilt_log_rv,difference
1950-01-31,-3.4822828507512336,-3.4512888011515233,0.030994049599710305
1950-02-28,-3.8687548248462456,-3.8687548248462558,-1.021405182655144e-14
1950-03-31,-3.8068750703291654,-3.8068750703291685,-3.1086244689504383e-15
1950-04-30,-3.618435850019912,-3.6184358500199223,-1.021405182655144e-14
1950-05-31,-3.62002626625494,-3.620026266254947,-7.105427357601002e-15
1950-06-30,-2.563740446615361,-2.5637404466153595,1.3322676295501878e-15
1950-07-31,-2.8634923590451735,-2.8634923590451726,8.881784197001252e-16
1950-08-31,-3.4047663868974904,-3.4047663868974847,5.773159728050814e-15
1950-09-30,-3.3545548278761563,-3.354554827876161,-4.884981308350689e-15
1950-10-31,-3.2060747715267666,-3.2060747715267666,0.0
1950-11-30,-2.969973162102523,-2.969973162102524,-8.881784197001252e-16
1950-12-31,-2.874565679565736,-2.874565679565734,2.220446049250313e-15
1951-01-31,-3.1786098458294134,-3.178609845829416,-2.6645352591003757e-15
1951-02-28,-3.6737523953729267,-3.6737523953729334,-6.661338147750939e-15
1951-03-31,-3.4186663299833526,-3.418666329983354,-1.3322676295501878e-15
1951-04-30,-3.6021466724754845,-3.602146672475486,-1.3322676295501878e-15
1951-05-31,-3.274282403523882,-3.274282403523884,-2.220446049250313e-15
1951-06-30,-3.4187320638011465,-3.418732063801149,-2.6645352591003757e-15
1951-07-31,-3.3059003536174902,-3.3059003536174947,-4.440892098500626e-15
1951-08-31,-3.750715926461983,-3.7507159264619974,-1.4210854715202004e-14
1951-09-30,-4.140207786444747,-4.140207786444744,2.6645352591003757e-15
1951-10-31,-3.271905709749394,-3.27190570974939,3.9968028886505635e-15
1951-11-30,-3.5391250046240366,-3.539125004624047,-1.0658141036401503e-14
1951-12-31,-3.915470000972079,-3.9154700009720687,1.021405182655144e-14
1952-01-31,-3.7318178496620122,-3.731817849662012,4.440892098500626e-16
1952-02-29,-3.6196871084273274,-3.619687108427326,1.3322676295501878e-15
1952-03-31,-3.679718495502235,-3.679718495502233,2.220446049250313e-15
1952-04-30,-3.623820724185653,-3.6238207241856584,-5.329070518200751e-15
1952-05-31,-3.792183281198736,-3.7921832811987484,-1.2434497875801753e-14
1952-06-30,-4.023416301755437,-4.023416301755427,9.769962616701378e-15
1952-07-31,-3.989177210073668,-3.989177210073654,1.4210854715202004e-14
1952-08-31,-4.107927828880875,-4.107927828880884,-8.881784197001252e-15
1952-09-30,-3.879360316768393,-3.879360316768401,-7.993605777301127e-15
1952-10-31,-3.4534223406954574,-3.453422340695453,4.440892098500626e-15
1952-11-30,-3.8657750874963757,-3.865775087496376,-4.440892098500626e-16
1952-12-31,-4.106525676963868,-4.106525676963856,1.1546319456101628e-14
1953-01-31,-3.891378282704692,-3.891378282704698,-5.773159728050814e-15
1953-02-28,-3.2577287435548223,-3.257728743554822,4.440892098500626e-16
1953-03-31,-3.642084222885134,-3.6420842228851384,-4.440892098500626e-15
1953-04-30,-3.3384922815527425,-3.3384922815527442,-1.7763568394002505e-15
1953-05-31,-3.7569323000701247,-3.756932300070134,-9.325873406851315e-15
1953-06-30,-3.428514516838188,-3.42851451683818,7.993605777301127e-15
1953-07-31,-3.741147805848139,-3.741147805848137,2.220446049250313e-15
1953-08-31,-3.662061927844463,-3.6620619278444617,1.3322676295501878e-15
1953-09-30,-3.416346242000358,-3.4163462420003547,3.1086244689504383e-15
1953-10-31,-3.7375081719032144,-3.7375081719032126,1.7763568394002505e-15
1953-11-30,-3.8542049731532155,-3.854204973153184,3.1530333899354446e-14
1953-12-31,-3.907804247373877,-3.9078042473738828,-5.773159728050814e-15
1954-01-31,-3.821608712664447,-3.8216087126644487,-1.7763568394002505e-15
1954-02-28,-4.006725114935483,-4.006725114935478,4.440892098500626e-15
1954-03-31,-3.980743274248608,-3.980743274248598,1.021405182655144e-14
1954-04-30,-3.5934821009381084,-3.593482100938112,-3.552713678800501e-15
1954-05-31,-3.8372125047703625,-3.8372125047703514,1.1102230246251565e-14
1954-06-30,-3.487241066169851,-3.487241066169851,0.0
1954-07-31,-3.7038098677264157,-3.7038098677264153,4.440892098500626e-16
1954-08-31,-3.3767053429629383,-3.376705342962934,4.440892098500626e-15
1954-09-30,-3.6282957504648206,-3.628295750464823,-2.6645352591003757e-15
1954-10-31,-3.7863514611037714,-3.7863514611037576,1.3766765505351941e-14
1954-11-30,-3.3651829057681697,-3.3651829057681755,-5.773159728050814e-15
1954-12-31,-3.1474068560689314,-3.1474068560689314,0.0
1955-01-31,-2.990191956124329,-2.9901919561243324,-3.552713678800501e-15
1955-02-28,-3.635918446985632,-3.635918446985634,-2.220446049250313e-15
1955-03-31,-2.997298034621814,-2.9972980346218137,4.440892098500626e-16
1955-04-30,-3.688073427722369,-3.6880734277223635,5.329070518200751e-15
1955-05-31,-3.6242862945133485,-3.62428629451336,-1.1546319456101628e-14
1955-06-30,-3.100364505389213,-3.100364505389216,-3.1086244689504383e-15
1955-07-31,-3.0714913110813287,-3.0714913110813256,3.1086244689504383e-15
1955-08-31,-3.3844538216407027,-3.3844538216407094,-6.661338147750939e-15
1955-09-30,-2.5526726053480173,-2.5526726053480195,-2.220446049250313e-15
1955-10-31,-2.9608432084162852,-2.9608432084162875,-2.220446049250313e-15
1955-11-30,-3.1212004580826243,-3.1212004580826247,-4.440892098500626e-16
1955-12-31,-3.522306255783268,-3.522306255783261,6.661338147750939e-15
1956-01-31,-3.3665768477439473,-3.3665768477439384,8.881784197001252e-15
1956-02-29,-3.4005895942332485,-3.400589594233257,-8.43769498715119e-15
1956-03-31,-3.4339077724022595,-3.433907772402262,-2.6645352591003757e-15
1956-04-30,-3.55325188617491,-3.5532518861749174,-7.549516567451064e-15
1956-05-31,-3.151608229821481,-3.151608229821485,-3.9968028886505635e-15
1956-06-30,-3.394104455193077,-3.394104455193078,-8.881784197001252e-16
1956-07-31,-3.8030922972155974,-3.803092297215606,-8.43769498715119e-15
1956-08-31,-3.1976362724402865,-3.197636272440295,-8.43769498715119e-15
1956-09-30,-3.1812827116173246,-3.181282711617323,1.7763568394002505e-15
1956-10-31,-3.227875124714732,-3.2278751247147315,4.440892098500626e-16
1956-11-30,-3.1764304182670795,-3.176430418267073,6.661338147750939e-15
1956-12-31,-3.4651264301928473,-3.4651264301928655,-1.8207657603852567e-14
1957-01-31,-3.496663754931672,-3.4966637549316735,-1.3322676295501878e-15
1957-02-28,-3.436710294683646,-3.436710294683645,8.881784197001252e-16
1957-03-31,-3.9510606153842773,-3.9510606153842724,4.884981308350689e-15
1957-04-30,-4.102150254985756,-4.102150254985758,-1.7763568394002505e-15
1957-05-31,-3.8018427971380158,-3.8018427971380118,3.9968028886505635e-15
1957-06-30,-3.884025608479708,-3.884025608479705,2.6645352591003757e-15
1957-07-31,-3.784661701791111,-3.7846617017911073,3.552713678800501e-15
1957-08-31,-3.068301439858651,-3.0683014398586486,2.220446049250313e-15
1957-09-30,-3.234481206658945,-3.2344812066589474,-2.6645352591003757e-15
1957-10-31,-2.6946904633539064,-2.694690463353908,-1.7763568394002505e-15
1957-11-30,-2.858495757554789,-2.858495757554793,-3.9968028886505635e-15
1957-12-31,-3.334068572907386,-3.3340685729073845,1.3322676295501878e-15
1958-01-31,-3.6002933628910827,-3.6002933628910694,1.3322676295501878e-14
1958-02-28,-3.6182820367242714,-3.618282036724276,-4.440892098500626e-15
1958-03-31,-3.7839342557849975,-3.7839342557850033,-5.773159728050814e-15
1958-04-30,-3.6085452133321736,-3.608545213332162,1.1546319456101628e-14
1958-05-31,-3.8718292913524293,-3.871829291352423,6.217248937900877e-15
1958-06-30,-3.673184084354591,-3.673184084354603,-1.199040866595169e-14
1958-07-31,-3.689226821218941,-3.6892268212189547,-1.3766765505351941e-14
1958-08-31,-3.7505482437278275,-3.7505482437278346,-7.105427357601002e-15
1958-09-30,-3.8485081886114054,-3.8485081886114045,8.881784197001252e-16
1958-10-31,-3.512253790340897,-3.512253790340901,-3.9968028886505635e-15
1958-11-30,-3.289483687774749,-3.289483687774745,3.9968028886505635e-15
1958-12-31,-3.6063991792308707,-3.6063991792308805,-9.769962616701378e-15
1959-01-31,-3.7252634301730208,-3.725263430173001,1.9539925233402755e-14
1959-02-28,-3.3858874784190145,-3.3858874784190176,-3.1086244689504383e-15
1959-03-31,-3.812915797245956,-3.812915797245967,-1.0658141036401503e-14
1959-04-30,-3.8045301303955643,-3.8045301303955847,-2.042810365310288e-14
1959-05-31,-3.8010232919804636,-3.8010232919804507,1.2878587085651816e-14
1959-06-30,-3.5056140343402573,-3.505614034340264,-6.661338147750939e-15
1959-07-31,-3.8269690960801137,-3.826969096080127,-1.3322676295501878e-14
1959-08-31,-3.384482662002622,-3.3844826620026294,-7.549516567451064e-15
1959-09-30,-3.1861581487053225,-3.1861581487053114,1.1102230246251565e-14
1959-10-31,-3.70162685823424,-3.701626858234264,-2.398081733190338e-14
1959-11-30,-3.8012751565629714,-3.8012751565629594,1.199040866595169e-14
1959-12-31,-4.051718140558733,-4.051718140558714,1.865174681370263e-14
1960-01-31,-3.491442984515648,-3.4914429845156376,1.021405182655144e-14
1960-02-29,-3.384463023444429,-3.384463023444431,-2.220446049250313e-15
1960-03-31,-3.489292569393884,-3.489292569393888,-3.9968028886505635e-15
1960-04-30,-3.5012225289567818,-3.501222528956785,-3.1086244689504383e-15
1960-05-31,-3.907325660677735,-3.907325660677743,-7.993605777301127e-15
1960-06-30,-3.7967637446429405,-3.796763744642946,-5.329070518200751e-15
1960-07-31,-3.4818518314670417,-3.4818518314670417,0.0
1960-08-31,-3.6718173723119105,-3.6718173723119145,-3.9968028886505635e-15
1960-09-30,-3.1711360705457827,-3.171136070545783,-4.440892098500626e-16
1960-10-31,-3.347905102760822,-3.347905102760816,5.773159728050814e-15
1960-11-30,-3.5062636484870615,-3.506263648487061,4.440892098500626e-16
1960-12-31,-3.867026286340609,-3.8670262863405855,2.353672812205332e-14
1961-01-31,-3.633137866242822,-3.633137866242813,8.881784197001252e-15
1961-02-28,-3.76414342917058,-3.7641434291705935,-1.3322676295501878e-14
1961-03-31,-3.7532493501503126,-3.753249350150311,1.7763568394002505e-15
1961-04-30,-2.837736565151115,-2.8377365651511184,-3.552713678800501e-15
1961-05-31,-3.9071598789008046,-3.9071598789008113,-6.661338147750939e-15
1961-06-30,-3.393317931294497,-3.3933179312945074,-1.021405182655144e-14
1961-07-31,-3.6906175996783146,-3.690617599678284,3.064215547965432e-14
1961-08-31,-3.914145687130117,-3.91414568713009,2.6645352591003757e-14
1961-09-30,-3.3642842846305587,-3.364284284630553,5.773159728050814e-15
1961-10-31,-3.6968515857149797,-3.696851585714979,8.881784197001252e-16
1961-11-30,-3.9572184529705057,-3.957218452970493,1.2878587085651816e-14
1961-12-31,-3.9769976996383782,-3.976997699638365,1.3322676295501878e-14
1962-01-31,-3.5576957887097485,-3.557695788709745,3.552713678800501e-15
1962-02-28,-4.123536513265987,-4.123536513265976,1.0658141036401503e-14
1962-03-31,-4.089849473927842,-4.089849473927859,-1.687538997430238e-14
1962-04-30,-3.473019160875542,-3.4730191608755407,1.3322676295501878e-15
1962-05-31,-2.29964016941279,-2.2996401694127866,3.552713678800501e-15
1962-06-30,-2.5539777048694488,-2.553977704869443,5.773159728050814e-15
1962-07-31,-3.156997345330227,-3.156997345330235,-7.993605777301127e-15
1962-08-31,-3.5653735831193725,-3.565373583119361,1.1546319456101628e-14
1962-09-30,-3.3668458111873494,-3.366845811187344,5.329070518200751e-15
1962-10-31,-2.8372870640169143,-2.8372870640169094,4.884981308350689e-15
1962-11-30,-3.337086202892041,-3.337086202892035,6.217248937900877e-15
1962-12-31,-3.6947416594934666,-3.6947416594934577,8.881784197001252e-15
1963-01-31,-3.636395084140157,-3.636395084140155,1.7763568394002505e-15
1963-02-28,-3.918903412410939,-3.9189034124109536,-1.4654943925052066e-14
1963-03-31,-3.967198272519087,-3.9671982725190738,1.3322676295501878e-14
1963-04-30,-4.023042667006338,-4.023042667006332,6.217248937900877e-15
1963-05-31,-4.050793188944369,-4.050793188944362,7.105427357601002e-15
1963-06-30,-4.1263344394606385,-4.126334439460641,-2.6645352591003757e-15
1963-07-31,-3.7718331661352447,-3.771833166135241,3.552713678800501e-15
1963-08-31,-4.015006036879166,-4.015006036879201,-3.4638958368304884e-14
1963-09-30,-4.007386949963954,-4.007386949963972,-1.7763568394002505e-14
1963-10-31,-3.716535641766667,-3.716535641766671,-3.9968028886505635e-15
1963-11-30,-2.892579252478229,-2.8925792524782246,4.440892098500626e-15
1963-12-31,-4.103355805070679,-4.103355805070668,1.0658141036401503e-14
1964-01-31,-4.3030988707074345,-4.303098870707471,-3.6415315207705135e-14
1964-02-29,-4.7722718186046515,-4.772271818604702,-5.062616992290714e-14
1964-03-31,-4.537507688326682,-4.537507688326708,-2.6645352591003757e-14
1964-04-30,-4.137606446081564,-4.137606446081534,2.930988785010413e-14
1964-05-31,-4.131480861582728,-4.131480861582711,1.687538997430238e-14
1964-06-30,-3.9140395660676326,-3.914039566067639,-6.217248937900877e-15
1964-07-31,-4.262643487630932,-4.26264348763093,1.7763568394002505e-15
1964-08-31,-3.8776794153909564,-3.877679415390955,1.3322676295501878e-15
1964-09-30,-4.339991306766536,-4.3399913067665326,3.552713678800501e-15
1964-10-31,-4.29252077438533,-4.2925207743852765,5.3290705182007514e-14
1964-11-30,-4.226116351162077,-4.226116351162055,2.220446049250313e-14
1964-12-31,-3.975957226064978,-3.975957226064984,-5.773159728050814e-15
1965-01-31,-4.352993054412283,-4.352993054412259,2.398081733190338e-14
1965-02-28,-3.9189693695183987,-3.9189693695184085,-9.769962616701378e-15
1965-03-31,-4.419392425887981,-4.419392425888004,-2.3092638912203256e-14
1965-04-30,-4.36390817984369,-4.363908179843689,8.881784197001252e-16
1965-05-31,-4.001862116880554,-4.001862116880537,1.687538997430238e-14
1965-06-30,-3.089441642860967,-3.0894416428609737,-6.661338147750939e-15
1965-07-31,-3.778830115733441,-3.778830115733438,3.1086244689504383e-15
1965-08-31,-4.570167257642479,-4.570167257642467,1.2434497875801753e-14
1965-09-30,-4.058913862181223,-4.058913862181256,-3.2862601528904634e-14
1965-10-31,-4.290413433445039,-4.290413433445041,-1.7763568394002505e-15
1965-11-30,-4.430934949112919,-4.430934949112962,-4.3520742565306136e-14
1965-12-31,-4.053593766014013,-4.053593766013986,2.7533531010703882e-14
1966-01-31,-4.396747519336796,-4.39674751933677,2.5757174171303632e-14
1966-02-28,-4.004704868942277,-4.0047048689422855,-8.881784197001252e-15
1966-03-31,-3.48649172620957,-3.486491726209577,-7.105427357601002e-15
1966-04-30,-3.978811170669674,-3.9788111706696654,8.43769498715119e-15
1966-05-31,-3.120734023323698,-3.1207340233236875,1.0658141036401503e-14
1966-06-30,-3.7989430970940097,-3.7989430970940203,-1.0658141036401503e-14
1966-07-31,-3.4451035957280416,-3.445103595728034,7.549516567451064e-15
1966-08-31,-2.8734096844599666,-2.87340968445997,-3.552713678800501e-15
1966-09-30,-3.220856494536501,-3.2208564945364984,2.6645352591003757e-15
1966-10-31,-2.9907731969220497,-2.990773196922047,2.6645352591003757e-15
1966-11-30,-3.5806878395837987,-3.580687839583803,-4.440892098500626e-15
1966-12-31,-3.687890310856612,-3.6878903108566052,6.661338147750939e-15
1967-01-31,-3.6126283954543155,-3.6126283954543243,-8.881784197001252e-15
1967-02-28,-3.888595082087847,-3.8885950820878667,-1.9539925233402755e-14
1967-03-31,-3.8026886012942027,-3.8026886012941836,1.9095836023552692e-14
1967-04-30,-3.5431979667979636,-3.5431979667979605,3.1086244689504383e-15
1967-05-31,-3.5085888036727533,-3.5085888036727435,9.769962616701378e-15
1967-06-30,-3.422268975618064,-3.4222689756180547,9.325873406851315e-15
1967-07-31,-4.03955811955172,-4.039558119551691,2.930988785010413e-14
1967-08-31,-4.061154239394917,-4.061154239394909,7.993605777301127e-15
1967-09-30,-3.968579127123454,-3.968579127123432,2.220446049250313e-14
1967-10-31,-3.7019242412995226,-3.7019242412995403,-1.7763568394002505e-14
1967-11-30,-3.5451200574007986,-3.545120057400808,-9.325873406851315e-15
1967-12-31,-4.108881215741858,-4.108881215741852,6.217248937900877e-15
1968-01-31,-3.8146708688758775,-3.814670868875878,-4.440892098500626e-16
1968-02-29,-3.5203248102364406,-3.5203248102364384,2.220446049250313e-15
1968-03-31,-3.286941179622932,-3.286941179622944,-1.199040866595169e-14
1968-04-30,-3.1777415276218077,-3.177741527621812,-4.440892098500626e-15
1968-05-31,-3.914431049382873,-3.9144310493828782,-5.329070518200751e-15
1968-06-30,-3.586654299470547,-3.58665429947056,-1.3322676295501878e-14
1968-07-31,-3.5918596765899267,-3.5918596765899364,-9.769962616701378e-15
1968-08-31,-4.030938305717702,-4.030938305717691,1.0658141036401503e-14
1968-09-30,-4.113979522931659,-4.113979522931644,1.509903313490213e-14
1968-10-31,-4.111298453056573,-4.111298453056542,3.108624468950438e-14
1968-11-30,-4.124260136639631,-4.124260136639642,-1.1546319456101628e-14
1968-12-31,-3.99865262339202,-3.9986526233920205,-4.440892098500626e-16
1969-01-31,-3.708082701938705,-3.7080827019386993,5.773159728050814e-15
1969-02-28,-3.70847959842718,-3.708479598427163,1.687538997430238e-14
1969-03-31,-3.7614462929868804,-3.7614462929868773,3.1086244689504383e-15
1969-04-30,-3.7528626151165705,-3.7528626151165754,-4.884981308350689e-15
1969-05-31,-3.8782659348219677,-3.878265934821989,-2.1316282072803006e-14
1969-06-30,-3.5893120910574052,-3.5893120910573915,1.3766765505351941e-14
1969-07-31,-3.0287543198879687,-3.028754319887965,3.552713678800501e-15
1969-08-31,-3.4993940045368808,-3.4993940045368785,2.220446049250313e-15
1969-09-30,-3.502824526088856,-3.5028245260888564,-4.440892098500626e-16
1969-10-31,-3.600138587492367,-3.60013858749238,-1.2878587085651816e-14
1969-11-30,-3.789213861627528,-3.7892138616275197,8.43769498715119e-15
1969-12-31,-3.396460415110394,-3.396460415110374,1.9984014443252818e-14
1970-01-31,-3.3939619099904323,-3.3939619099904212,1.1102230246251565e-14
1970-02-28,-3.4292038315877287,-3.4292038315877114,1.7319479184152442e-14
1970-03-31,-3.476134738076616,-3.476134738076622,-6.217248937900877e-15
1970-04-30,-3.2117881442407397,-3.2117881442407485,-8.881784197001252e-15
1970-05-31,-2.4096309143042474,-2.409630914304251,-3.552713678800501e-15
1970-06-30,-2.9621082458497305,-2.962108245849731,-4.440892098500626e-16
1970-07-31,-3.084972539294988,-3.084972539294996,-7.993605777301127e-15
1970-08-31,-3.1535465438541097,-3.1535465438541115,-1.7763568394002505e-15
1970-09-30,-3.4301308683120606,-3.430130868312052,8.43769498715119e-15
1970-10-31,-3.432887361167184,-3.432887361167194,-9.769962616701378e-15
1970-11-30,-3.5007556295497295,-3.500755629549737,-7.549516567451064e-15
1970-12-31,-3.769755143420062,-3.769755143420057,4.884981308350689e-15
1971-01-31,-3.7614804082200806,-3.761480408220066,1.4654943925052066e-14
1971-02-28,-3.8465240685868154,-3.8465240685868056,9.769962616701378e-15
1971-03-31,-3.811396765066991,-3.8113967650670086,-1.7763568394002505e-14
1971-04-30,-4.0290737630237565,-4.029073763023778,-2.1316282072803006e-14
1971-05-31,-3.758237330105044,-3.7582373301050334,1.0658141036401503e-14
1971-06-30,-3.538078077521237,-3.5380780775212446,-7.549516567451064e-15
1971-07-31,-3.6842945426813247,-3.6842945426813305,-5.773159728050814e-15
1971-08-31,-3.0118286815331246,-3.011828681533118,6.661338147750939e-15
1971-09-30,-3.778236163622938,-3.778236163622945,-7.105427357601002e-15
1971-10-31,-3.657239429737742,-3.657239429737733,8.881784197001252e-15
1971-11-30,-3.1439913952214535,-3.1439913952214518,1.7763568394002505e-15
1971-12-31,-3.3860304620696295,-3.386030462069627,2.6645352591003757e-15
1972-01-31,-3.8145633867493167,-3.814563386749341,-2.4424906541753444e-14
1972-02-29,-4.084526589194555,-4.084526589194545,9.769962616701378e-15
1972-03-31,-3.7565822762068244,-3.7565822762067955,2.886579864025407e-14
1972-04-30,-3.924939335550374,-3.924939335550377,-3.1086244689504383e-15
1972-05-31,-3.584573127573984,-3.584573127573987,-3.1086244689504383e-15
1972-06-30,-3.9562612932849563,-3.956261293284948,8.43769498715119e-15
1972-07-31,-3.7144206202600474,-3.714420620260068,-2.042810365310288e-14
1972-08-31,-3.714604270921826,-3.7146042709218303,-4.440892098500626e-15
1972-09-30,-3.8248093208018585,-3.8248093208018554,3.1086244689504383e-15
1972-10-31,-3.5306134288775564,-3.5306134288775604,-3.9968028886505635e-15
1972-11-30,-3.81499432684312,-3.8149943268431397,-1.9539925233402755e-14
1972-12-31,-3.783223901777989,-3.7832239017779914,-2.220446049250313e-15
1973-01-31,-3.78327783968384,-3.7832778396838362,3.552713678800501e-15
1973-02-28,-3.3349393787274066,-3.3349393787274066,0.0
1973-03-31,-3.2321998014173934,-3.232199801417394,-4.440892098500626e-16
1973-04-30,-3.2429492917029323,-3.242949291702922,1.021405182655144e-14
1973-05-31,-2.893544020680286,-2.893544020680284,1.7763568394002505e-15
1973-06-30,-3.0681180635913785,-3.068118063591377,1.3322676295501878e-15
1973-07-31,-3.145071698137291,-3.1450716981372913,-4.440892098500626e-16
1973-08-31,-3.4070532956957664,-3.407053295695775,-8.43769498715119e-15
1973-09-30,-3.4928851304433044,-3.4928851304432924,1.199040866595169e-14
1973-10-31,-3.305570972406949,-3.3055709724069464,2.6645352591003757e-15
1973-11-30,-2.709042121409984,-2.709042121409993,-8.881784197001252e-15
1973-12-31,-2.6176517458947837,-2.617651745894783,4.440892098500626e-16
1974-01-31,-2.838432172924527,-2.8384321729245308,-3.552713678800501e-15
1974-02-28,-3.136290128405137,-3.1362901284051468,-9.769962616701378e-15
1974-03-31,-3.189072800451725,-3.1890728004517275,-2.6645352591003757e-15
1974-04-30,-3.177691821334002,-3.1776918213340064,-4.440892098500626e-15
1974-05-31,-3.0829959376713276,-3.0829959376713183,9.325873406851315e-15
1974-06-30,-3.038831026922051,-3.0388310269220584,-7.549516567451064e-15
1974-07-31,-2.6579501853653116,-2.6579501853653174,-5.773159728050814e-15
1974-08-31,-2.6712372912167752,-2.671237291216777,-1.7763568394002505e-15
1974-09-30,-2.4240878508319303,-2.42408785083193,4.440892098500626e-16
1974-10-31,-2.3104479518574745,-2.3104479518574745,0.0
1974-11-30,-2.8191854029331265,-2.8191854029331322,-5.773159728050814e-15
1974-12-31,-2.7838544851919105,-2.783854485191905,5.329070518200751e-15
1975-01-31,-2.766448801262045,-2.7664488012620465,-1.3322676295501878e-15
1975-02-28,-3.064635438817896,-3.0646354388179007,-4.884981308350689e-15
1975-03-31,-3.0437284814223005,-3.0437284814222973,3.1086244689504383e-15
1975-04-30,-3.0392543157132597,-3.0392543157132628,-3.1086244689504383e-15
1975-05-31,-3.1595074500009908,-3.1595074500009837,7.105427357601002e-15
1975-06-30,-3.305718848175095,-3.3057188481751023,-7.105427357601002e-15
1975-07-31,-3.342526159545525,-3.342526159545509,1.5987211554602254e-14
1975-08-31,-3.0278744909717537,-3.0278744909717563,-2.6645352591003757e-15
1975-09-30,-3.0372939259322425,-3.037293925932241,1.3322676295501878e-15
1975-10-31,-3.074556918909119,-3.0745569189091233,-4.440892098500626e-15
1975-11-30,-3.5592347516904876,-3.5592347516904845,3.1086244689504383e-15
1975-12-31,-3.307236354898463,-3.3072363548984756,-1.2434497875801753e-14
1976-01-31,-3.1186652855291426,-3.1186652855291483,-5.773159728050814e-15
1976-02-29,-3.3543892033223957,-3.3543892033223788,1.687538997430238e-14
1976-03-31,-3.33633295025962,-3.3363329502596466,-2.6645352591003757e-14
1976-04-30,-3.451178590663675,-3.4511785906636807,-5.773159728050814e-15
1976-05-31,-3.484399631121459,-3.4843996311214718,-1.2878587085651816e-14
1976-06-30,-3.47181638819191,-3.47181638819192,-9.769962616701378e-15
1976-07-31,-3.8139046645420382,-3.813904664542027,1.1102230246251565e-14
1976-08-31,-3.600951004087441,-3.600951004087438,2.6645352591003757e-15
1976-09-30,-3.5156939082795127,-3.5156939082795264,-1.3766765505351941e-14
1976-10-31,-3.333921282519819,-3.3339212825198032,1.554312234475219e-14
1976-11-30,-3.396370871590845,-3.396370871590844,8.881784197001252e-16
1976-12-31,-3.7321453682204693,-3.732145368220466,3.1086244689504383e-15
1977-01-31,-3.6319962303867785,-3.6319962303867865,-7.993605777301127e-15
1977-02-28,-3.9995761596935937,-3.9995761596936257,-3.197442310920451e-14
1977-03-31,-3.6563449962007586,-3.65634499620075,8.43769498715119e-15
1977-04-30,-3.460555171599222,-3.460555171599204,1.8207657603852567e-14
1977-05-31,-3.6782391211966083,-3.678239121196623,-1.4654943925052066e-14
1977-06-30,-3.74252402743648,-3.7425240274365015,-2.1316282072803006e-14
1977-07-31,-3.710361348752814,-3.710361348752812,1.7763568394002505e-15
1977-08-31,-3.722987916129612,-3.7229879161295867,2.531308496145357e-14
1977-09-30,-3.837437784414761,-3.837437784414754,7.105427357601002e-15
1977-10-31,-3.6129169793728426,-3.612916979372833,9.769962616701378e-15
1977-11-30,-3.291906923190292,-3.2919069231902776,1.4654943925052066e-14
1977-12-31,-3.68586403698939,-3.6858640369894013,-1.1546319456101628e-14
1978-01-31,-3.498554079616925,-3.49855407961693,-4.884981308350689e-15
1978-02-28,-3.6536771596809565,-3.6536771596809556,8.881784197001252e-16
1978-03-31,-3.6914566600079457,-3.691456660007956,-1.021405182655144e-14
1978-04-30,-3.1819337717076555,-3.18193377170764,1.554312234475219e-14
1978-05-31,-3.413542535234786,-3.413542535234781,4.884981308350689e-15
1978-06-30,-3.4408489331428536,-3.44084893314287,-1.6431300764452317e-14
1978-07-31,-3.5381193902261856,-3.5381193902261843,1.3322676295501878e-15
1978-08-31,-3.457111554275186,-3.4571115542751794,6.661338147750939e-15
1978-09-30,-3.480079036757332,-3.480079036757346,-1.3766765505351941e-14
1978-10-31,-3.0764989281355355,-3.076498928135532,3.552713678800501e-15
1978-11-30,-2.8830570722979667,-2.883057072297965,1.7763568394002505e-15
1978-12-31,-3.2002541351047826,-3.2002541351047906,-7.993605777301127e-15
1979-01-31,-3.454096306718827,-3.45409630671882,7.105427357601002e-15
1979-02-28,-3.552242016712537,-3.5522420167125417,-4.884981308350689e-15
1979-03-31,-3.569320481575184,-3.5693204815751747,9.325873406851315e-15
1979-04-30,-3.6730649968097033,-3.673064996809704,-8.881784197001252e-16
1979-05-31,-3.4917011783905663,-3.491701178390575,-8.881784197001252e-15
1979-06-30,-3.736752624533908,-3.7367526245338896,1.865174681370263e-14
1979-07-31,-3.627725931273009,-3.627725931273021,-1.199040866595169e-14
1979-08-31,-3.7981554618464166,-3.7981554618464135,3.1086244689504383e-15
1979-09-30,-3.349967443692657,-3.3499674436926363,2.0872192862952943e-14
1979-10-31,-2.9720939280763568,-2.9720939280763603,-3.552713678800501e-15
1979-11-30,-3.237063912973616,-3.2370639129736123,3.552713678800501e-15
1979-12-31,-3.833439412005487,-3.8334394120055095,-2.2648549702353193e-14
1980-01-31,-3.133652331236264,-3.133652331236273,-9.325873406851315e-15
1980-02-29,-3.1330838391464617,-3.133083839146477,-1.509903313490213e-14
1980-03-31,-2.6827225218098274,-2.6827225218098305,-3.1086244689504383e-15
1980-04-30,-2.9573329869635785,-2.957332986963585,-6.661338147750939e-15
1980-05-31,-3.2487399357255664,-3.248739935725577,-1.0658141036401503e-14
1980-06-30,-3.2980275355357174,-3.2980275355357263,-8.881784197001252e-15
1980-07-31,-3.3041294135400374,-3.3041294135400454,-7.993605777301127e-15
1980-08-31,-3.186504209347779,-3.186504209347788,-9.325873406851315e-15
1980-09-30,-2.9646590106084068,-2.964659010608408,-1.3322676295501878e-15
1980-10-31,-3.062242034767034,-3.0622420347670363,-2.220446049250313e-15
1980-11-30,-3.0175364036767682,-3.01753640367677,-1.7763568394002505e-15
1980-12-31,-2.907681143191806,-2.90768114319181,-3.9968028886505635e-15
1981-01-31,-3.213225185711366,-3.2132251857113707,-4.884981308350689e-15
1981-02-28,-3.238694482961729,-3.238694482961728,8.881784197001252e-16
1981-03-31,-3.0942438693308754,-3.0942438693308625,1.2878587085651816e-14
1981-04-30,-3.544265769999846,-3.5442657699998517,-5.773159728050814e-15
1981-05-31,-3.4922962547805483,-3.4922962547805483,0.0
1981-06-30,-3.455030444235058,-3.4550304442350686,-1.0658141036401503e-14
1981-07-31,-3.403401805692542,-3.403401805692544,-1.7763568394002505e-15
1981-08-31,-3.145416801671252,-3.1454168016712623,-1.021405182655144e-14
1981-09-30,-2.94501872458564,-2.9450187245856316,8.43769498715119e-15
1981-10-31,-3.0935217234559915,-3.0935217234559875,3.9968028886505635e-15
1981-11-30,-3.252543372510464,-3.252543372510462,1.7763568394002505e-15
1981-12-31,-3.499848408634178,-3.4998484086341684,9.769962616701378e-15
1982-01-31,-2.9906061717581784,-2.9906061717581793,-8.881784197001252e-16
1982-02-28,-3.122550420673141,-3.1225504206731434,-2.220446049250313e-15
1982-03-31,-3.161095240326766,-3.161095240326764,2.220446049250313e-15
1982-04-30,-3.347204296987733,-3.34720429698772,1.3322676295501878e-14
1982-05-31,-3.5303814588864952,-3.5303814588865063,-1.1102230246251565e-14
1982-06-30,-3.2550862199117576,-3.255086219911735,2.2648549702353193e-14
1982-07-31,-3.4745465499593706,-3.474546549959368,2.6645352591003757e-15
1982-08-31,-2.5388082418905857,-2.5388082418905866,-8.881784197001252e-16
1982-09-30,-3.079123699765454,-3.0791236997654723,-1.8207657603852567e-14
1982-10-31,-2.5493729125915907,-2.549372912591593,-2.220446049250313e-15
1982-11-30,-2.6107486255025423,-2.6107486255025356,6.661338147750939e-15
1982-12-31,-2.999854393120739,-2.999854393120734,4.884981308350689e-15
1983-01-31,-2.859954740440419,-2.85995474044042,-1.3322676295501878e-15
1983-02-28,-3.131153978486915,-3.1311539784869082,6.661338147750939e-15
1983-03-31,-3.2303529774246504,-3.230352977424663,-1.2434497875801753e-14
1983-04-30,-3.2813887163671813,-3.28138871636717,1.1102230246251565e-14
1983-05-31,-3.4107371846427714,-3.410737184642781,-9.769962616701378e-15
1983-06-30,-3.300042091902946,-3.3000420919029367,9.325873406851315e-15
1983-07-31,-3.0350088509813196,-3.035008850981319,4.440892098500626e-16
1983-08-31,-3.295996575030098,-3.2959965750301037,-5.773159728050814e-15
1983-09-30,-3.430332965640978,-3.4303329656409813,-3.552713678800501e-15
1983-10-31,-3.398311687625518,-3.3983116876255037,1.4210854715202004e-14
1983-11-30,-3.546057095704139,-3.5460570957041355,3.552713678800501e-15
1983-12-31,-3.7704984171188642,-3.7704984171188323,3.197442310920451e-14
1984-01-31,-3.5720475974138175,-3.5720475974138317,-1.4210854715202004e-14
1984-02-29,-3.1004451496103296,-3.100445149610325,4.440892098500626e-15
1984-03-31,-3.303367144797822,-3.3033671447978104,1.1546319456101628e-14
1984-04-30,-3.4373724878870227,-3.437372487887043,-2.042810365310288e-14
1984-05-31,-3.485258740772587,-3.485258740772578,8.881784197001252e-15
1984-06-30,-3.19882006836337,-3.198820068363384,-1.3766765505351941e-14
1984-07-31,-3.5241184848255283,-3.5241184848255447,-1.6431300764452317e-14
1984-08-31,-2.894189431274458,-2.894189431274471,-1.3322676295501878e-14
1984-09-30,-3.485673490691174,-3.48567349069118,-5.773159728050814e-15
1984-10-31,-3.3317246257656725,-3.3317246257656885,-1.5987211554602254e-14
1984-11-30,-3.443092712376739,-3.443092712376725,1.3766765505351941e-14
1984-12-31,-3.3754045061623463,-3.3754045061623454,8.881784197001252e-16
1985-01-31,-3.2152115005992767,-3.215211500599277,-4.440892098500626e-16
1985-02-28,-3.604282876070616,-3.604282876070616,0.0
1985-03-31,-3.56512512878433,-3.565125128784332,-2.220446049250313e-15
1985-04-30,-3.84134963583337,-3.8413496358333523,1.7763568394002505e-14
1985-05-31,-3.5482118054904976,-3.548211805490524,-2.6201263381153694e-14
1985-06-30,-3.6049430389933548,-3.6049430389933645,-9.769962616701378e-15
1985-07-31,-3.6172939338632695,-3.617293933863267,2.6645352591003757e-15
1985-08-31,-3.683112610633314,-3.683112610633328,-1.3766765505351941e-14
1985-09-30,-3.524759339050102,-3.5247593390500946,7.549516567451064e-15
1985-10-31,-3.504122341000195,-3.504122341000197,-2.220446049250313e-15
1985-11-30,-3.4895543963680105,-3.4895543963680207,-1.021405182655144e-14
1985-12-31,-3.3538809535756866,-3.3538809535756813,5.329070518200751e-15
1986-01-31,-3.123630336586439,-3.123630336586444,-4.884981308350689e-15
1986-02-28,-3.414580101780291,-3.4145801017802917,-8.881784197001252e-16
1986-03-31,-3.300022587064844,-3.300022587064857,-1.2878587085651816e-14
1986-04-30,-3.0033514699819923,-3.003351469981983,9.325873406851315e-15
1986-05-31,-3.3010199302802605,-3.301019930280252,8.43769498715119e-15
1986-06-30,-3.218319741676011,-3.2183197416760208,-9.769962616701378e-15
1986-07-31,-3.0034801713161263,-3.003480171316134,-7.549516567451064e-15
1986-08-31,-3.344467326729359,-3.34446732672936,-8.881784197001252e-16
1986-09-30,-2.7197549858858605,-2.71975498588586,4.440892098500626e-16
1986-10-31,-3.4621750320813427,-3.462175032081365,-2.220446049250313e-14
1986-11-30,-3.1763419085852718,-3.1763419085852647,7.105427357601002e-15
1986-12-31,-3.3393123194007273,-3.3393123194007273,0.0
1987-01-31,-3.007392792068088,-3.0073927920680936,-5.773159728050814e-15
1987-02-28,-3.2857050887850754,-3.285705088785084,-8.43769498715119e-15
1987-03-31,-3.113146592897446,-3.113146592897455,-8.881784197001252e-15
1987-04-30,-2.7356327345298252,-2.7356327345298186,6.661338147750939e-15
1987-05-31,-2.9971641098083577,-2.9971641098083577,0.0
1987-06-30,-3.422810845850884,-3.4228108458508775,6.661338147750939e-15
1987-07-31,-3.5564285249309204,-3.55642852493093,-9.769962616701378e-15
1987-08-31,-3.1689400389363183,-3.168940038936319,-8.881784197001252e-16
1987-09-30,-2.9909650658349376,-2.990965065834947,-9.325873406851315e-15
1987-10-31,-1.2543188032019446,-1.254318803201945,-4.440892098500626e-16
1987-11-30,-2.489326627524044,-2.48932662752404,3.9968028886505635e-15
1987-12-31,-2.4920558916785613,-2.4920558916785622,-8.881784197001252e-16
1988-01-31,-2.3323267255578357,-2.332326725557834,1.7763568394002505e-15
1988-02-29,-3.120546225391249,-3.1205462253912497,-8.881784197001252e-16
1988-03-31,-3.1944159974378676,-3.1944159974378588,8.881784197001252e-15
1988-04-30,-2.8237741714562885,-2.8237741714562765,1.199040866595169e-14
1988-05-31,-2.99064463163801,-2.9906446316380046,5.329070518200751e-15
1988-06-30,-3.027513589604503,-3.0275135896044985,4.440892098500626e-15
1988-07-31,-3.1323163986969114,-3.1323163986969105,8.881784197001252e-16
1988-08-31,-3.2862724368276846,-3.2862724368276797,4.884981308350689e-15
1988-09-30,-3.3718149075607826,-3.3718149075607675,1.509903313490213e-14
1988-10-31,-3.2131524676531837,-3.213152467653209,-2.531308496145357e-14
1988-11-30,-3.299367316431405,-3.2993673164313946,1.021405182655144e-14
1988-12-31,-3.690001858038059,-3.6900018580380762,-1.7319479184152442e-14
1989-01-31,-3.4760591319136487,-3.4760591319136616,-1.2878587085651816e-14
1989-02-28,-3.368325117724935,-3.368325117724938,-2.6645352591003757e-15
1989-03-31,-3.3249536179540646,-3.3249536179540455,1.9095836023552692e-14
1989-04-30,-3.4813398198700356,-3.4813398198700054,3.019806626980426e-14
1989-05-31,-3.4239243142519395,-3.4239243142519595,-1.9984014443252818e-14
1989-06-30,-3.274299901076747,-3.2742999010767377,9.325873406851315e-15
1989-07-31,-3.4489786652171146,-3.4489786652171235,-8.881784197001252e-15
1989-08-31,-3.295289279136077,-3.2952892791360715,5.329070518200751e-15
1989-09-30,-3.7518095081357563,-3.7518095081357625,-6.217248937900877e-15
1989-10-31,-2.5717827530599657,-2.5717827530599644,1.3322676295501878e-15
1989-11-30,-3.5373503512440063,-3.5373503512440205,-1.4210854715202004e-14
1989-12-31,-3.4887254874542846,-3.4887254874542823,2.220446049250313e-15
1990-01-31,-2.9182628665232206,-2.9182628665232238,-3.1086244689504383e-15
1990-02-28,-3.449987850601402,-3.4499878506014094,-7.549516567451064e-15
1990-03-31,-3.4397649722891037,-3.439764972289084,1.9539925233402755e-14
1990-04-30,-3.469363682270153,-3.4693636822701697,-1.687538997430238e-14
1990-05-31,-3.306847547780296,-3.3068475477803045,-8.43769498715119e-15
1990-06-30,-3.3017010924338965,-3.301701092433889,7.549516567451064e-15
1990-07-31,-3.321308385336174,-3.321308385336177,-3.1086244689504383e-15
1990-08-31,-2.567456261521182,-2.5674562615211776,4.440892098500626e-15
1990-09-30,-3.107379519372654,-3.107379519372677,-2.3092638912203256e-14
1990-10-31,-2.7040882369518746,-2.704088236951863,1.1546319456101628e-14
1990-11-30,-3.011263613494124,-3.0112636134941124,1.1546319456101628e-14
1990-12-31,-3.571268598870245,-3.5712685988702355,9.325873406851315e-15
1991-01-31,-2.8810009379484374,-2.8810009379484347,2.6645352591003757e-15
1991-02-28,-3.015432082416089,-3.0154320824160847,4.440892098500626e-15
1991-03-31,-3.2989852257688224,-3.2989852257688232,-8.881784197001252e-16
1991-04-30,-3.0913414882239163,-3.091341488223932,-1.554312234475219e-14
1991-05-31,-3.222562808759487,-3.2225628087594957,-8.881784197001252e-15
1991-06-30,-3.3677127932687934,-3.3677127932688022,-8.881784197001252e-15
1991-07-31,-3.4075129991886266,-3.407512999188614,1.2434497875801753e-14
1991-08-31,-3.1015905532614685,-3.1015905532614645,3.9968028886505635e-15
1991-09-30,-3.824038082320058,-3.82403808232002,3.8191672047105385e-14
1991-10-31,-3.3966420842712814,-3.3966420842712863,-4.884981308350689e-15
1991-11-30,-3.082441934171033,-3.082441934171042,-8.881784197001252e-15
1991-12-31,-3.1037978956797536,-3.103797895679747,6.661338147750939e-15
1992-01-31,-3.523370948026475,-3.5233709480264856,-1.0658141036401503e-14
1992-02-29,-3.500295780365942,-3.500295780365951,-8.881784197001252e-15
1992-03-31,-3.82948976606589,-3.829489766065895,-4.884981308350689e-15
1992-04-30,-3.2007046132022343,-3.2007046132022516,-1.7319479184152442e-14
1992-05-31,-3.6407202208012586,-3.6407202208012786,-1.9984014443252818e-14
1992-06-30,-3.5943505831298914,-3.5943505831298754,1.5987211554602254e-14
1992-07-31,-3.510767458989176,-3.5107674589891618,1.4210854715202004e-14
1992-08-31,-3.9494751067100653,-3.9494751067100475,1.7763568394002505e-14
1992-09-30,-3.5215716155161227,-3.5215716155161276,-4.884981308350689e-15
1992-10-31,-3.481746314081465,-3.4817463140814757,-1.0658141036401503e-14
1992-11-30,-3.794469176507416,-3.7944691765073975,1.865174681370263e-14
1992-12-31,-3.83320520582516,-3.833205205825153,7.105427357601002e-15
1993-01-31,-3.9809981646184545,-3.98099816461846,-5.329070518200751e-15
1993-02-28,-3.380869617058072,-3.3808696170580634,8.43769498715119e-15
1993-03-31,-3.455977414948324,-3.455977414948328,-3.9968028886505635e-15
1993-04-30,-3.4488521300889285,-3.4488521300889254,3.1086244689504383e-15
1993-05-31,-3.5564559214720637,-3.5564559214720775,-1.3766765505351941e-14
1993-06-30,-3.7315327102735236,-3.731532710273543,-1.9539925233402755e-14
1993-07-31,-3.7023014124287763,-3.702301412428794,-1.7763568394002505e-14
1993-08-31,-4.090398068166424,-4.0903980681663965,2.7533531010703882e-14
1993-09-30,-3.8314281738070255,-3.8314281738070286,-3.1086244689504383e-15
1993-10-31,-4.036115437812761,-4.036115437812744,1.687538997430238e-14
1993-11-30,-3.7269719984232985,-3.7269719984233105,-1.199040866595169e-14
1993-12-31,-4.109871356852518,-4.109871356852518,0.0
1994-01-31,-3.886410063174412,-3.886410063174408,3.9968028886505635e-15
1994-02-28,-3.4338964694717715,-3.4338964694717924,-2.0872192862952943e-14
1994-03-31,-3.505634071405016,-3.5056340714050163,-4.440892098500626e-16
1994-04-30,-3.298720493185182,-3.298720493185202,-1.9984014443252818e-14
1994-05-31,-3.5971825123773824,-3.5971825123773824,0.0
1994-06-30,-3.5644917521133985,-3.564491752113407,-8.43769498715119e-15
1994-07-31,-4.01471696163539,-4.014716961635375,1.509903313490213e-14
1994-08-31,-3.747813582366204,-3.7478135823662275,-2.353672812205332e-14
1994-09-30,-3.561281427894718,-3.561281427894721,-3.1086244689504383e-15
1994-10-31,-3.3824061762059605,-3.3824061762059623,-1.7763568394002505e-15
1994-11-30,-3.5387242001726396,-3.5387242001726205,1.9095836023552692e-14
1994-12-31,-3.628195541952271,-3.6281955419522585,1.2434497875801753e-14
1995-01-31,-4.075796325414653,-4.075796325414675,-2.220446049250313e-14
1995-02-28,-3.8383498640395466,-3.8383498640395297,1.687538997430238e-14
1995-03-31,-3.8200410057516883,-3.8200410057516994,-1.1102230246251565e-14
1995-04-30,-4.13546899869903,-4.135468998699013,1.687538997430238e-14
1995-05-31,-3.45115420919402,-3.4511542091940095,1.0658141036401503e-14
1995-06-30,-3.6366039900584513,-3.6366039900584353,1.5987211554602254e-14
1995-07-31,-3.583415964063745,-3.5834159640637457,-8.881784197001252e-16
1995-08-31,-4.243028769191813,-4.243028769191793,2.042810365310288e-14
1995-09-30,-3.9384903588812357,-3.9384903588812277,7.993605777301127e-15
1995-10-31,-3.812502357744857,-3.812502357744862,-4.884981308350689e-15
1995-11-30,-3.7589245658214274,-3.7589245658214345,-7.105427357601002e-15
1995-12-31,-3.5512702985799507,-3.5512702985799653,-1.4654943925052066e-14
1996-01-31,-3.2907321732574406,-3.2907321732574406,0.0
1996-02-29,-3.336562179654715,-3.3365621796547194,-4.440892098500626e-15
1996-03-31,-3.169977873171052,-3.1699778731710726,-2.042810365310288e-14
1996-04-30,-3.4607626891156853,-3.460762689115692,-6.661338147750939e-15
1996-05-31,-3.394992190238016,-3.3949921902380216,-5.773159728050814e-15
1996-06-30,-3.9195683733371944,-3.9195683733372064,-1.199040866595169e-14
1996-07-31,-3.0194445059734276,-3.0194445059734365,-8.881784197001252e-15
1996-08-31,-3.400510353778423,-3.400510353778427,-3.9968028886505635e-15
1996-09-30,-3.6458299608030784,-3.6458299608030744,3.9968028886505635e-15
1996-10-31,-3.7069127983840042,-3.7069127983840193,-1.509903313490213e-14
1996-11-30,-3.6345152552664124,-3.6345152552664164,-3.9968028886505635e-15
1996-12-31,-3.185392056707818,-3.185392056707809,9.325873406851315e-15
1997-01-31,-3.3034473549699914,-3.3034473549699834,7.993605777301127e-15
1997-02-28,-3.2609902464444938,-3.2609902464444964,-2.6645352591003757e-15
1997-03-31,-3.1014183806481874,-3.1014183806481883,-8.881784197001252e-16
1997-04-30,-2.9055130830764906,-2.905513083076496,-5.329070518200751e-15
1997-05-31,-3.108917358237769,-3.1089173582377634,5.773159728050814e-15
1997-06-30,-3.11567956836083,-3.1156795683608274,2.6645352591003757e-15
1997-07-31,-3.1084047309706033,-3.108404730970606,-2.6645352591003757e-15
1997-08-31,-2.997998940254238,-2.997998940254233,4.884981308350689e-15
1997-09-30,-2.9805233450013167,-2.980523345001318,-1.3322676295501878e-15
1997-10-31,-2.3238652771202104,-2.3238652771202073,3.1086244689504383e-15
1997-11-30,-2.967779424466623,-2.9677794244666162,6.661338147750939e-15
1997-12-31,-3.0514972683227777,-3.051497268322784,-6.217248937900877e-15
1998-01-31,-2.998809877493172,-2.9988098774931737,-1.7763568394002505e-15
1998-02-28,-3.4342451514940397,-3.4342451514940464,-6.661338147750939e-15
1998-03-31,-3.3950363195710853,-3.3950363195710884,-3.1086244689504383e-15
1998-04-30,-3.2134051996183786,-3.2134051996183772,1.3322676295501878e-15
1998-05-31,-3.473595749393068,-3.47359574939306,7.993605777301127e-15
1998-06-30,-3.084631870788053,-3.084631870788054,-8.881784197001252e-16
1998-07-31,-3.0497952329188918,-3.0497952329189086,-1.687538997430238e-14
1998-08-31,-2.314262503723685,-2.3142625037236844,4.440892098500626e-16
1998-09-30,-2.3129763371118237,-2.312976337111832,-8.43769498715119e-15
1998-10-31,-2.638868495322673,-2.638868495322673,0.0
1998-11-30,-3.1231521925257173,-3.1231521925257164,8.881784197001252e-16
1998-12-31,-2.8614581487687634,-2.8614581487687687,-5.329070518200751e-15
1999-01-31,-2.8546598491125996,-2.8546598491126014,-1.7763568394002505e-15
1999-02-28,-2.8306547199882983,-2.8306547199883054,-7.105427357601002e-15
1999-03-31,-2.8717218927726718,-2.871721892772673,-1.3322676295501878e-15
1999-04-30,-2.9550032409961746,-2.955003240996178,-3.552713678800501e-15
1999-05-31,-2.8875770664081015,-2.8875770664081153,-1.3766765505351941e-14
1999-06-30,-3.0191012625883085,-3.0191012625883213,-1.2878587085651816e-14
1999-07-31,-3.2101509685854186,-3.2101509685854275,-8.881784197001252e-15
1999-08-31,-2.9534789867089692,-2.953478986708971,-1.7763568394002505e-15
1999-09-30,-2.9564823177564232,-2.9564823177564294,-6.217248937900877e-15
1999-10-31,-2.6655450376900633,-2.665545037690064,-4.440892098500626e-16
1999-11-30,-3.3039253672881648,-3.3039253672881794,-1.4654943925052066e-14
1999-12-31,-3.388665152890443,-3.3886651528904514,-8.43769498715119e-15
2000-01-31,-2.6226733886036615,-2.62267338860366,1.3322676295501878e-15
2000-02-29,-2.897488125745266,-2.89748812574526,5.773159728050814e-15
2000-03-31,-2.51469776513013,-2.5146977651301308,-8.881784197001252e-16
2000-04-30,-2.4094082379010313,-2.4094082379010318,-4.440892098500626e-16
2000-05-31,-2.632644632266094,-2.6326446322660977,-3.552713678800501e-15
2000-06-30,-3.0278251725128413,-3.027825172512838,3.552713678800501e-15
2000-07-31,-3.088181553822785,-3.0881815538227975,-1.2434497875801753e-14
2000-08-31,-3.438073668437876,-3.4380736684378728,3.1086244689504383e-15
2000-09-30,-3.2193963619434802,-3.219396361943466,1.4210854715202004e-14
2000-10-31,-2.5991038256087786,-2.5991038256087764,2.220446049250313e-15
2000-11-30,-2.8568188775989833,-2.8568188775989842,-8.881784197001252e-16
2000-12-31,-2.6226966266401908,-2.622696626640186,4.884981308350689e-15
2001-01-31,-2.6642256902470183,-2.664225690247022,-3.552713678800501e-15
2001-02-28,-2.9853721170174463,-2.9853721170174485,-2.220446049250313e-15
2001-03-31,-2.462501150398544,-2.4625011503985412,2.6645352591003757e-15
2001-04-30,-2.459030693452129,-2.4590306934521236,5.329070518200751e-15
2001-05-31,-2.9922247396924284,-2.9922247396924235,4.884981308350689e-15
2001-06-30,-3.246919804266744,-3.2469198042667444,-4.440892098500626e-16
2001-07-31,-2.9201817277563444,-2.920181727756346,-1.7763568394002505e-15
2001-08-31,-3.0514884107311104,-3.051488410731111,-4.440892098500626e-16
2001-09-30,-2.4611074485824003,-2.4611074485824,4.440892098500626e-16
2001-10-31,-2.8652673663392614,-2.8652673663392627,-1.3322676295501878e-15
2001-11-30,-3.0669535317160372,-3.066953531716042,-4.884981308350689e-15
2001-12-31,-3.161773107603656,-3.161773107603663,-7.105427357601002e-15
2002-01-31,-3.0579996618641534,-3.057999661864157,-3.552713678800501e-15
2002-02-28,-2.9799350071903916,-2.979935007190404,-1.2434497875801753e-14
2002-03-31,-3.10739363963361,-3.1073936396336075,2.6645352591003757e-15
2002-04-30,-3.0313070929650197,-3.0313070929650276,-7.993605777301127e-15
2002-05-31,-2.7538487761487103,-2.753848776148702,8.43769498715119e-15
2002-06-30,-2.7963899311292977,-2.796389931129294,3.552713678800501e-15
2002-07-31,-2.0936717644219573,-2.093671764421955,2.220446049250313e-15
2002-08-31,-2.334965250310743,-2.3349652503107428,4.440892098500626e-16
2002-09-30,-2.4457724947083546,-2.4457724947083497,4.884981308350689e-15
2002-10-31,-2.2381485874590115,-2.2381485874590075,3.9968028886505635e-15
2002-11-30,-2.710705924175827,-2.710705924175834,-7.105427357601002e-15
2002-12-31,-2.9669397498106065,-2.966939749810618,-1.1546319456101628e-14
2003-01-31,-2.6330623630544365,-2.633062363054435,1.3322676295501878e-15
2003-02-28,-2.9840745753000455,-2.984074575300045,4.440892098500626e-16
2003-03-31,-2.548760188534542,-2.5487601885345406,1.3322676295501878e-15
2003-04-30,-2.9002583606826637,-2.9002583606826624,1.3322676295501878e-15
2003-05-31,-3.054018052228417,-3.0540180522284186,-1.7763568394002505e-15
2003-06-30,-3.1099359128331163,-3.10993591283312,-3.552713678800501e-15
2003-07-31,-3.0977800803014732,-3.0977800803014652,7.993605777301127e-15
2003-08-31,-3.468517511759465,-3.4685175117594595,5.329070518200751e-15
2003-09-30,-3.140232437438156,-3.140232437438154,2.220446049250313e-15
2003-10-31,-3.2870041546527653,-3.2870041546527733,-7.993605777301127e-15
2003-11-30,-3.4985470857007,-3.498547085700716,-1.5987211554602254e-14
2003-12-31,-3.513401310816597,-3.5134013108166147,-1.7763568394002505e-14
2004-01-31,-3.4650613410497333,-3.465061341049735,-1.7763568394002505e-15
2004-02-29,-3.7030672085876466,-3.703067208587649,-2.220446049250313e-15
2004-03-31,-3.1111763767700684,-3.1111763767700724,-3.9968028886505635e-15
2004-04-30,-3.3476570468612863,-3.347657046861286,4.440892098500626e-16
2004-05-31,-3.465504072923295,-3.4655040729233098,-1.4654943925052066e-14
2004-06-30,-3.585854204402475,-3.5858542044024904,-1.554312234475219e-14
2004-07-31,-3.5773152908117005,-3.5773152908117014,-8.881784197001252e-16
2004-08-31,-3.2695206621770985,-3.269520662177093,5.329070518200751e-15
2004-09-30,-3.6272968251254625,-3.627296825125452,1.0658141036401503e-14
2004-10-31,-3.35206685176624,-3.3520668517662333,6.661338147750939e-15
2004-11-30,-3.5343348563403656,-3.534334856340372,-6.217248937900877e-15
2004-12-31,-3.615011393242337,-3.6150113932423413,-4.440892098500626e-15
2005-01-31,-3.550604189909233,-3.550604189909217,1.5987211554602254e-14
2005-02-28,-3.543820432764916,-3.543820432764924,-7.993605777301127e-15
2005-03-31,-3.5291465415700136,-3.5291465415700167,-3.1086244689504383e-15
2005-04-30,-3.152720424000165,-3.152720424000166,-8.881784197001252e-16
2005-05-31,-3.531069871409308,-3.531069871409306,1.7763568394002505e-15
2005-06-30,-3.760011284416737,-3.760011284416733,3.9968028886505635e-15
2005-07-31,-3.670772300891824,-3.670772300891815,8.881784197001252e-15
2005-08-31,-3.63388825571129,-3.6338882557112857,4.440892098500626e-15
2005-09-30,-3.6631012230129896,-3.663101223012993,-3.552713678800501e-15
2005-10-31,-3.1557527692250877,-3.1557527692251077,-1.9984014443252818e-14
2005-11-30,-3.7638501534181033,-3.763850153418097,6.217248937900877e-15
2005-12-31,-3.873253742668005,-3.8732537426679903,1.4654943925052066e-14
2006-01-31,-3.4661978775292708,-3.466197877529286,-1.509903313490213e-14
2006-02-28,-3.670294829123373,-3.670294829123342,3.064215547965432e-14
2006-03-31,-3.7601645367414083,-3.7601645367414127,-4.440892098500626e-15
2006-04-30,-3.7197949446689256,-3.719794944668915,1.0658141036401503e-14
2006-05-31,-3.2999604149500312,-3.2999604149500437,-1.2434497875801753e-14
2006-06-30,-3.085582461863455,-3.0855824618634515,3.552713678800501e-15
2006-07-31,-3.2709844618608197,-3.270984461860846,-2.6201263381153694e-14
2006-08-31,-3.8405365199338846,-3.840536519933871,1.3766765505351941e-14
2006-09-30,-3.783882481202963,-3.7838824812029803,-1.7319479184152442e-14
2006-10-31,-3.8554878543326674,-3.855487854332657,1.021405182655144e-14
2006-11-30,-3.716627101662895,-3.7166271016628896,5.329070518200751e-15
2006-12-31,-3.9701695128147905,-3.9701695128147727,1.7763568394002505e-14
2007-01-31,-3.8522491840295054,-3.8522491840295126,-7.105427357601002e-15
2007-02-28,-3.2447480356532115,-3.2447480356532012,1.021405182655144e-14
2007-03-31,-3.222494860521297,-3.222494860521297,0.0
2007-04-30,-3.7287460922933597,-3.728746092293361,-1.3322676295501878e-15
2007-05-31,-3.6341144694358256,-3.6341144694358447,-1.9095836023552692e-14
2007-06-30,-3.258361421759635,-3.25836142175964,-4.884981308350689e-15
2007-07-31,-3.0061550064305833,-3.0061550064305855,-2.220446049250313e-15
2007-08-31,-2.633783081660371,-2.633783081660372,-8.881784197001252e-16
2007-09-30,-3.1472509000198614,-3.1472509000198623,-8.881784197001252e-16
2007-10-31,-3.190739924075638,-3.190739924075645,-7.105427357601002e-15
2007-11-30,-2.587719024765528,-2.5877190247655277,4.440892098500626e-16
2007-12-31,-3.02436059658321,-3.0243605965832123,-2.220446049250313e-15
2008-01-31,-2.661249374022387,-2.6612493740223844,2.6645352591003757e-15
2008-02-29,-2.8603506881048415,-2.860350688104847,-5.329070518200751e-15
2008-03-31,-2.538344113377069,-2.5383441133770694,-4.440892098500626e-16
2008-04-30,-2.9300382779186895,-2.9300382779186895,0.0
2008-05-31,-3.204756024564677,-3.2047560245646802,-3.1086244689504383e-15
2008-06-30,-2.8296817644581433,-2.8296817644581393,3.9968028886505635e-15
2008-07-31,-2.705460207716502,-2.7054602077165097,-7.549516567451064e-15
2008-08-31,-2.837812391125573,-2.8378123911255737,-8.881784197001252e-16
2008-09-30,-1.8529192183645744,-1.8529192183645704,3.9968028886505635e-15
2008-10-31,-1.42971613203937,-1.4297161320393683,1.7763568394002505e-15
2008-11-30,-1.656316012106184,-1.6563160121061873,-3.3306690738754696e-15
2008-12-31,-1.94077400987452,-1.9407740098745172,2.886579864025407e-15
2009-01-31,-2.206526753661318,-2.206526753661319,-8.881784197001252e-16
2009-02-28,-2.2946239453922495,-2.294623945392251,-1.3322676295501878e-15
2009-03-31,-1.9582508837470343,-1.9582508837470343,0.0
2009-04-30,-2.443587835277547,-2.44358783527755,-3.1086244689504383e-15
2009-05-31,-2.5321700284042636,-2.532170028404268,-4.440892098500626e-15
2009-06-30,-2.8287513462734335,-2.8287513462734433,-9.769962616701378e-15
2009-07-31,-2.793345786712595,-2.793345786712597,-1.7763568394002505e-15
2009-08-31,-3.0644616714098785,-3.064461671409865,1.3322676295501878e-14
2009-09-30,-3.130025280604083,-3.130025280604093,-1.021405182655144e-14
2009-10-31,-2.7700971285615434,-2.7700971285615337,9.769962616701378e-15
2009-11-30,-3.1107964455907346,-3.1107964455907333,1.3322676295501878e-15
2009-12-31,-3.4880632358514134,-3.4880632358514343,-2.0872192862952943e-14
2010-01-31,-3.1051107340740467,-3.1051107340740574,-1.0658141036401503e-14
2010-02-28,-3.0178391591893847,-3.017839159189372,1.2878587085651816e-14
2010-03-31,-3.6861498116127507,-3.6861498116127622,-1.1546319456101628e-14
2010-04-30,-3.1571807998960457,-3.1571807998960453,4.440892098500626e-16
2010-05-31,-2.407193011304442,-2.40719301130445,-7.993605777301127e-15
2010-06-30,-2.590131684949471,-2.590131684949478,-7.105427357601002e-15
2010-07-31,-2.852932567849959,-2.852932567849966,-7.105427357601002e-15
2010-08-31,-2.9530416640092794,-2.953041664009287,-7.549516567451064e-15
2010-09-30,-3.038118590021741,-3.0381185900217313,9.769962616701378e-15
2010-10-31,-3.418407956833649,-3.4184079568336654,-1.6431300764452317e-14
2010-11-30,-3.1787815912351842,-3.17878159123518,4.440892098500626e-15
2010-12-31,-3.553444149972958,-3.5534441499729663,-8.43769498715119e-15
2011-01-31,-3.5254625792369607,-3.525462579236963,-2.220446049250313e-15
2011-02-28,-3.421017028944507,-3.4210170289444903,1.687538997430238e-14
2011-03-31,-3.0256567272535344,-3.0256567272535237,1.0658141036401503e-14
2011-04-30,-3.6813619979803685,-3.681361997980344,2.4424906541753444e-14
2011-05-31,-3.4864984354795028,-3.4864984354795006,2.220446049250313e-15
2011-06-30,-3.0353184736868135,-3.0353184736868184,-4.884981308350689e-15
2011-07-31,-3.1500524848844638,-3.1500524848844678,-3.9968028886505635e-15
2011-08-31,-1.9665046707257416,-1.9665046707257434,-1.7763568394002505e-15
2011-09-30,-2.481306279652722,-2.4813062796527205,1.3322676295501878e-15
2011-10-31,-2.457655436729706,-2.457655436729716,-9.769962616701378e-15
2011-11-30,-2.4359863431041875,-2.435986343104191,-3.552713678800501e-15
2011-12-31,-2.9483163558607832,-2.9483163558607854,-2.220446049250313e-15
2012-01-31,-3.6753549263674072,-3.675354926367435,-2.7977620220553945e-14
2012-02-29,-3.6938984477186816,-3.6938984477187047,-2.3092638912203256e-14
2012-03-31,-3.3843465262657215,-3.3843465262657126,8.881784197001252e-15
2012-04-30,-3.210146241345559,-3.210146241345553,6.217248937900877e-15
2012-05-31,-3.2497545069314553,-3.249754506931474,-1.865174681370263e-14
2012-06-30,-2.8366615287918187,-2.836661528791821,-2.220446049250313e-15
2012-07-31,-3.2378719180591355,-3.237871918059134,1.3322676295501878e-15
2012-08-31,-3.6166817154299276,-3.616681715429931,-3.552713678800501e-15
2012-09-30,-3.4378098591980444,-3.4378098591980475,-3.1086244689504383e-15
2012-10-31,-3.4888694072163897,-3.488869407216391,-1.3322676295501878e-15
2012-11-30,-3.130457558392097,-3.1304575583921026,-5.773159728050814e-15
2012-12-31,-3.438879816972799,-3.4388798169728014,-2.220446049250313e-15
2013-01-31,-3.5122743260836247,-3.512274326083612,1.2878587085651816e-14
2013-02-28,-3.3434701265797875,-3.34347012657978,7.549516567451064e-15
2013-03-31,-3.8179084623195907,-3.8179084623195916,-8.881784197001252e-16
2013-04-30,-3.190861789295619,-3.1908617892956093,9.769962616701378e-15
2013-05-31,-3.446126454815234,-3.4461264548152486,-1.4654943925052066e-14
2013-06-30,-3.0453169802170232,-3.045316980217013,1.021405182655144e-14
2013-07-31,-3.802623427578242,-3.8026234275782484,-6.661338147750939e-15
2013-08-31,-3.4765909912871975,-3.476590991287195,2.6645352591003757e-15
2013-09-30,-3.6937395473295953,-3.6937395473295913,3.9968028886505635e-15
2013-10-31,-3.2760200523947183,-3.276020052394728,-9.769962616701378e-15
2013-11-30,-3.6747290764851526,-3.674729076485133,1.9539925233402755e-14
2013-12-31,-3.6040416781045184,-3.6040416781045024,1.5987211554602254e-14
2014-01-31,-3.3171375685353466,-3.3171375685353484,-1.7763568394002505e-15
2014-02-28,-3.3386797926341574,-3.33867979263415,7.549516567451064e-15
2014-03-31,-3.5256578627092043,-3.525657862709204,4.440892098500626e-16
2014-04-30,-3.2955126404999024,-3.295512640499892,1.0658141036401503e-14
2014-05-31,-3.7483017283266418,-3.748301728326634,7.549516567451064e-15
2014-06-30,-4.087403595110627,-4.087403595110594,3.2862601528904634e-14
2014-07-31,-3.4754874909402718,-3.4754874909402877,-1.5987211554602254e-14
2014-08-31,-3.758175341489735,-3.758175341489752,-1.687538997430238e-14
2014-09-30,-3.6148214505759886,-3.6148214505760006,-1.199040866595169e-14
2014-10-31,-2.9141171757759734,-2.9141171757759645,8.881784197001252e-15
2014-11-30,-4.403441476450015,-4.403441476449996,1.9539925233402755e-14
2014-12-31,-3.1118286510639352,-3.111828651063938,-2.6645352591003757e-15
2015-01-31,-3.0531195840611964,-3.0531195840612106,-1.4210854715202004e-14
2015-02-28,-3.562245097331633,-3.562245097331645,-1.199040866595169e-14
2015-03-31,-3.1816129636323156,-3.181612963632318,-2.220446049250313e-15
2015-04-30,-3.7301577097521137,-3.7301577097521177,-3.9968028886505635e-15
2015-05-31,-3.515261724921692,-3.515261724921681,1.1102230246251565e-14
2015-06-30,-3.4246395604529183,-3.424639560452919,-8.881784197001252e-16
2015-07-31,-3.379834324533906,-3.379834324533907,-8.881784197001252e-16
2015-08-31,-2.567702579344776,-2.567702579344772,3.9968028886505635e-15
2015-09-30,-2.7509836865610584,-2.750983686561047,1.1546319456101628e-14
2015-10-31,-3.219259102962737,-3.21925910296275,-1.2878587085651816e-14
2015-11-30,-3.3994804010076436,-3.399480401007659,-1.554312234475219e-14
2015-12-31,-2.9313513610844177,-2.931351361084418,-4.440892098500626e-16
2016-01-31,-2.721796067769684,-2.7217960677696804,3.552713678800501e-15
2016-02-29,-2.975885937336674,-2.9758859373366726,1.3322676295501878e-15
2016-03-31,-3.3396579653309333,-3.3396579653309404,-7.105427357601002e-15
2016-04-30,-3.5543031478531373,-3.5543031478531373,0.0
2016-05-31,-3.457732751318138,-3.4577327513181353,2.6645352591003757e-15
2016-06-30,-2.9208097471793346,-2.9208097471793293,5.329070518200751e-15
2016-07-31,-3.82748206452236,-3.8274820645223824,-2.220446049250313e-14
2016-08-31,-4.092448513398336,-4.092448513398337,-8.881784197001252e-16
2016-09-30,-3.192551585892722,-3.192551585892715,6.661338147750939e-15
2016-10-31,-3.9566514163288296,-3.9566514163288264,3.1086244689504383e-15
2016-11-30,-3.487974422258749,-3.487974422258733,1.5987211554602254e-14
2016-12-31,-3.7787223692336043,-3.778722369233596,8.43769498715119e-15
2017-01-31,-4.001828361753411,-4.001828361753377,3.375077994860476e-14
2017-02-28,-4.204700139152802,-4.2047001391527745,2.7533531010703882e-14
2017-03-31,-3.7314192152872128,-3.7314192152872216,-8.881784197001252e-15
2017-04-30,-3.926652018374449,-3.9266520183744302,1.865174681370263e-14
2017-05-31,-3.7920847378875453,-3.7920847378875457,-4.440892098500626e-16
2017-06-30,-3.856214910874562,-3.8562149108745403,2.1760371282653068e-14
2017-07-31,-4.129870024958818,-4.129870024958846,-2.842170943040401e-14
2017-08-31,-3.5924378123925567,-3.5924378123925353,2.1316282072803006e-14
2017-09-30,-4.134666486968067,-4.134666486968031,3.552713678800501e-14
2017-10-31,-4.216826264874244,-4.216826264874203,4.085620730620576e-14
2017-11-30,-3.974205538921206,-3.9742055389212045,1.3322676295501878e-15
2017-12-31,-4.1605958145165705,-4.160595814516587,-1.687538997430238e-14
