window,model,seed,mse_log_rv,mae_log_rv,mse_rv,mae_rv,qlike_variance,directional_accuracy,period
120,AR1,0,0.18235986991894879,0.32628208420732874,0.000844809809202317,0.015388631634295952,0.7266296634102029,0.7019230769230769,post2017
120,AR3,0,0.1932550110177456,0.3339387466914425,0.0008703048409984624,0.015756171301185066,0.8005305841420481,0.6538461538461539,post2017
120,ARMAX,0,0.19652160549098122,0.34710883584829616,0.0011169740777373463,0.017865341845984057,0.654809804741549,0.6538461538461539,post2017
120,CRL,0,0.19304435615477614,0.33423706867856773,0.0008709950169306813,0.015772431018401967,0.7937923161926453,0.6538461538461539,post2017
120,CRL,1,0.1933748235902487,0.33397218970438536,0.0008702438717827229,0.015751583163127438,0.8005341553149646,0.6538461538461539,post2017
120,CRL,2,0.19314910939538502,0.33383600090209775,0.0008701472991644287,0.015752467123298714,0.7998457191223752,0.6538461538461539,post2017
120,CRL,3,0.19318151627304006,0.3338711925842127,0.0008701555254847745,0.01575167356402397,0.7994630770577195,0.6538461538461539,post2017
120,CRL,4,0.19322828213347698,0.33389312735731147,0.0008702008845819777,0.015753479485457304,0.8002636363272604,0.6538461538461539,post2017
120,CRLX,0,0.19694525882150915,0.34150981896196936,0.0008723947773553835,0.016446917829462306,0.6793835053479756,0.625,post2017
120,CRLX,1,0.19771856503378307,0.34323452848398844,0.0008557957271956676,0.01605110372673826,0.8025480661598964,0.6346153846153846,post2017
120,CRLX,2,0.20276997561811705,0.3524507252141236,0.0008686426733570337,0.016681705324592046,0.7840692411263745,0.6442307692307693,post2017
120,CRLX,3,0.21576102707967657,0.35754481625949336,0.0010150778146165594,0.017548110085830983,0.8248885199733264,0.6634615384615384,post2017
120,CRLX,4,0.20137870800306454,0.3467409730517085,0.0010983456388152441,0.017371681887179517,0.6957726456741977,0.6057692307692307,post2017
120,HAR,0,0.19246584505887993,0.3333398785078015,0.0008719246570741299,0.015712890056801737,0.8212864056800716,0.6538461538461539,post2017
120,HARX,0,0.18769118272502455,0.3288739770204238,0.001025663942454487,0.016584391012016256,0.6718185758044639,0.6826923076923077,post2017
120,LSTM,0,0.2418882676563164,0.3650401730396037,0.0010395169870355831,0.017239541484494445,1.2095826406967816,0.6442307692307693,post2017
120,LSTM,1,0.2411597713696692,0.36713307175742504,0.0010373869245508254,0.017297639238771857,1.2151979009348612,0.6634615384615384,post2017
120,LSTM,2,0.24138806467951052,0.36695873671990575,0.0010353979895544971,0.017277107345159828,1.220181452879619,0.6634615384615384,post2017
120,LSTM,3,0.23773858455485758,0.3655396582043841,0.0010362387328502164,0.017274651513430876,1.1898496873292665,0.6634615384615384,post2017
120,LSTM,4,0.24610761573047507,0.37026470699940867,0.0010433779892522262,0.017401229653900327,1.2302662715351234,0.6634615384615384,post2017
120,LSTMX,0,0.2297322848293429,0.35892122213256467,0.0010004190466986725,0.016870025979344633,1.1622959521674923,0.6730769230769231,post2017
120,LSTMX,1,0.2322585181684586,0.35460440709503493,0.0010038043149183493,0.01666062514209959,1.2219915360697842,0.6634615384615384,post2017
120,LSTMX,2,0.22862081013293212,0.35259973106417913,0.0009920595856989288,0.0165844542077086,1.1710526273426543,0.6923076923076923,post2017
120,LSTMX,3,0.22829851312129237,0.3571625588581005,0.0009910423836221006,0.016757640527085307,1.1163618959456096,0.6730769230769231,post2017
120,LSTMX,4,0.232485204206211,0.35816458718989225,0.001008002787064079,0.016848620910963712,1.2017007232278916,0.6826923076923077,post2017
120,Persistence,0,0.22867414802551003,0.37830125498993183,0.0010877120342240752,0.018662571129092868,0.7189457069934044,0.0673076923076923,post2017
120,QR1,0,0.18235219886252457,0.3283042255451132,0.0008248500403155,0.015851241139284197,0.6538150934044025,0.6634615384615384,post2017
120,QR1,1,0.18707529312663568,0.3309629164499712,0.0008376560493971066,0.015842735469279723,0.6901044332985753,0.6442307692307693,post2017
120,QR1,2,0.18852175047771308,0.33169509823536103,0.0008053646534771366,0.01561665772979733,0.6653244798347302,0.6730769230769231,post2017
120,QR1,3,0.18321661478025558,0.3288664359218452,0.0008280119065687858,0.01592706461886204,0.6524396587144383,0.6538461538461539,post2017
120,QR1,4,0.18818583166616193,0.3328236117843458,0.0008140629582690465,0.01577057602304645,0.6741764801310264,0.6346153846153846,post2017
120,QR2,0,0.2220229170588189,0.36463154251604474,0.0012921928185381977,0.019191327466573108,0.7389721821275084,0.625,post2017
120,QR2,1,0.21665332394158884,0.3527005019003729,0.0010186989302232155,0.017508000971750877,0.7634909771304577,0.6538461538461539,post2017
120,QR2,2,0.2097719457218584,0.3493052828529607,0.0009159648087878649,0.016793685611572753,0.7404297431079587,0.6730769230769231,post2017
120,QR2,3,0.2197396917584267,0.3562166284924947,0.0009876925245358658,0.0174636133394998,0.8187590110259747,0.6538461538461539,post2017
120,QR2,4,0.2143086181125551,0.3554045808528216,0.0009369075601759959,0.01718039423629994,0.7713416431947806,0.625,post2017
571,AR1,0,0.17571542875012083,0.3251329298562563,0.0007832664755437548,0.015338996281228385,0.5916460360665685,0.6826923076923077,post2017
571,AR3,0,0.1878187169349221,0.33007361398726154,0.0008355903939400703,0.015550905482431985,0.7053608717987788,0.6634615384615384,post2017
571,ARMAX,0,0.1773637782041547,0.32517371247029114,0.0008080312249427923,0.015624100422857206,0.6213842398404471,0.6078431372549019,post2017
571,CRL,0,0.1878938907383167,0.3295534301330783,0.0008412451734555415,0.015556215904687316,0.7087033055455745,0.6730769230769231,post2017
571,CRL,1,0.18797117933985755,0.330075697456638,0.0008364894840709597,0.01554854742943989,0.7068968336721854,0.6730769230769231,post2017
571,CRL,2,0.1877461227344089,0.3299434270554376,0.0008357669108974851,0.015545642924632154,0.7051850016611556,0.6730769230769231,post2017
571,CRL,3,0.18785106990002093,0.3299230961918181,0.000836849172520374,0.015545651243807444,0.7061667771532595,0.6730769230769231,post2017
571,CRL,4,0.18780681705620922,0.3300376954516913,0.0008356866707589367,0.015549193903389314,0.705271328138312,0.6730769230769231,post2017
571,CRLX,0,0.1688166143715023,0.3207809184547169,0.0007631912005227612,0.01531323594176786,0.5569145182446429,0.6538461538461539,post2017
571,CRLX,1,0.1697386013808718,0.31665884019623497,0.0007801006331146347,0.014888770342664049,0.6306645026735282,0.6153846153846154,post2017
571,CRLX,2,0.17310136479922342,0.3241250218504423,0.0007802917917586124,0.015215076751785711,0.6299148984222893,0.625,post2017
571,CRLX,3,0.17173722138854197,0.3167989251509707,0.0007844098013429613,0.014853275668065382,0.6433999945450952,0.6730769230769231,post2017
571,CRLX,4,0.1715304107733941,0.32079283891087795,0.0007597795357009967,0.015000885922257198,0.586148024945873,0.6730769230769231,post2017
571,HAR,0,0.18712765213431812,0.3294586791292971,0.0008343614298732835,0.01551862318796408,0.726564804847441,0.6442307692307693,post2017
571,HARX,0,0.1737478506115961,0.31640662216048376,0.00078614457691529,0.01477705041623889,0.6513969597127709,0.6442307692307693,post2017
571,LSTM,0,0.19873297452843333,0.3360999948026232,0.0008646171336496959,0.015786724850128213,0.8108264547282187,0.6442307692307693,post2017
571,LSTM,1,0.205739833607502,0.34796964017117354,0.0008769977962509495,0.016399158759395006,0.7532128621796835,0.5865384615384616,post2017
571,LSTM,2,0.20721194868698595,0.3477515520221835,0.0009038396342627888,0.016394335889609753,0.8817354079992554,0.6538461538461539,post2017
571,LSTM,3,0.19888439310976908,0.344847625122074,0.0008760471827426264,0.01634765908458745,0.7530402843770994,0.6634615384615384,post2017
571,LSTM,4,0.20238436223995124,0.336244690613644,0.0008898871072188166,0.015866741154474742,0.9102996451823261,0.625,post2017
571,LSTMX,0,0.17178154883026064,0.31450946602326274,0.0007933517835554211,0.014878837951337294,0.6498773256432637,0.7019230769230769,post2017
571,LSTMX,1,0.17458439367876538,0.3085175246965701,0.0008015687722891887,0.014566935513378133,0.6873501843978602,0.6634615384615384,post2017
571,LSTMX,2,0.18300151316028584,0.3282865068365552,0.0008078530234090409,0.01541201539075811,0.6818159587239828,0.6442307692307693,post2017
571,LSTMX,3,0.1852442588268657,0.32861112577442353,0.000805346658822158,0.015327086289490656,0.6883311409424331,0.6634615384615384,post2017
571,LSTMX,4,0.1763647059071753,0.32476375064085156,0.0008063286767471501,0.01529951573688316,0.6544090237124858,0.6442307692307693,post2017
571,Persistence,0,0.22867414802551003,0.37830125498993183,0.0010877120342240752,0.018662571129092868,0.7189457069934044,0.0673076923076923,post2017
571,QR1,0,0.170534102769851,0.3160599554774547,0.0007694613551112116,0.014872938729633025,0.5920787690733433,0.6346153846153846,post2017
571,QR1,1,0.17191830078610565,0.3179052247698272,0.0007771938701544925,0.014979185567438314,0.5980765209342763,0.6634615384615384,post2017
571,QR1,2,0.17166991390959663,0.31603029076666217,0.000767098893591404,0.014795336021669601,0.6030082818132931,0.6730769230769231,post2017
571,QR1,3,0.17109856794043857,0.31649642341031925,0.0007700669760068978,0.014903051948598802,0.5900463645024023,0.6538461538461539,post2017
571,QR1,4,0.1717403975559159,0.3174117246498524,0.0007713505964623551,0.014919303285372177,0.593281342092361,0.6634615384615384,post2017
571,QR2,0,0.17519155226524263,0.3204808725914937,0.000796356691883659,0.015339732995405645,0.6028956436223785,0.6442307692307693,post2017
571,QR2,1,0.17584595465163058,0.3215794632595029,0.0007976726008179686,0.015289984768130954,0.6247001684531577,0.6346153846153846,post2017
571,QR2,2,0.17280714730398294,0.3185253004439202,0.000789733104973443,0.015077579502075774,0.6217942030251931,0.7211538461538461,post2017
571,QR2,3,0.17888381008385426,0.32404031577795833,0.0008117127282942009,0.015478026743192121,0.644629899800716,0.6538461538461539,post2017
571,QR2,4,0.17737059354805434,0.3190572525447642,0.0008137482152158628,0.015132829989947737,0.667117131475186,0.6442307692307693,post2017
120,AR1,0,0.09193370374899461,0.26159138876868065,0.00011432653746893213,0.009268937430639838,0.18791810559632172,0.75,last12
120,AR3,0,0.09177236803213545,0.2697374239184582,0.00011534320257639962,0.009560913226999259,0.18717024145986952,0.5833333333333334,last12
120,ARMAX,0,0.08913414757320424,0.25840483479396337,0.00011545102560408587,0.009098611165446613,0.20122197051145194,0.75,last12
120,CRL,0,0.09265898633344877,0.2717467135475839,0.00011655997115280891,0.009643014349062005,0.18791823772744262,0.5833333333333334,last12
120,CRL,1,0.09178244524806023,0.2699435309830728,0.00011540804295625625,0.009570535174678542,0.18706046940213905,0.5833333333333334,last12
120,CRL,2,0.09174389382425875,0.2696631147025346,0.00011530390038795899,0.009557733942596965,0.18718507398137949,0.5833333333333334,last12
120,CRL,3,0.09177812258637404,0.26979723951422835,0.00011537248418813226,0.009563731719246767,0.18717115571255397,0.5833333333333334,last12
120,CRL,4,0.09174162683773983,0.2696794853846584,0.00011530570787172663,0.009558541600308591,0.18716495428156588,0.5833333333333334,last12
120,CRLX,0,0.11408993493690367,0.2774328247376218,0.00013776790342350163,0.009634700687012466,0.25827000145576606,0.5833333333333334,last12
120,CRLX,1,0.12053347562622452,0.31512419081598714,0.00015726585843918678,0.011247806619755212,0.26154791619799594,0.4166666666666667,last12
120,CRLX,2,0.11901491316494132,0.31268342882867267,0.00015365581602497824,0.011184893997936115,0.24805751572837223,0.5,last12
120,CRLX,3,0.11033294588508158,0.29806451598954103,0.00013917782217142714,0.010573885576642785,0.21397815540075327,0.5,last12
120,CRLX,4,0.11658336740810941,0.2953166586885504,0.0001432274754035339,0.010365515040855288,0.2511753898173567,0.5833333333333334,last12
120,HAR,0,0.09018433793578319,0.2600165634117564,0.000111943376983288,0.009183011781048135,0.18548170724351687,0.6666666666666666,last12
120,HARX,0,0.09379439685077517,0.2745586050001358,0.0001233044749328011,0.009757102382727539,0.20770002023168618,0.75,last12
120,LSTM,0,0.06888576790423341,0.22882169037940783,8.583511889147899e-05,0.008053774538941188,0.1355846116652144,0.5833333333333334,last12
120,LSTM,1,0.07234210065681877,0.23303084659563814,9.00498232129124e-05,0.008186366761139133,0.14411373755430382,0.6666666666666666,last12
120,LSTM,2,0.07095259309176159,0.23182639078585274,8.909134026224208e-05,0.00815827130233226,0.14222985800434892,0.75,last12
120,LSTM,3,0.06925237046948175,0.22882224954298078,8.754546910373146e-05,0.008056946024865624,0.14018147086386598,0.75,last12
120,LSTM,4,0.0647795946660932,0.22394075155198057,8.201052869349657e-05,0.007890288148411037,0.13014131897600378,0.75,last12
120,LSTMX,0,0.07072038476966387,0.22768593234475965,8.95705306698333e-05,0.008003998166895928,0.14380526299294497,0.75,last12
120,LSTMX,1,0.0702902228985781,0.2220638095254157,8.948417034834227e-05,0.0077925981058017514,0.14484296514113038,0.75,last12
120,LSTMX,2,0.06572151141026134,0.21750925282805242,8.268766662782209e-05,0.007644903719309347,0.13105654950118406,0.8333333333333334,last12
120,LSTMX,3,0.06484619380326995,0.21832754362930296,8.278242286770114e-05,0.007678845268385342,0.1324965602179371,0.75,last12
120,LSTMX,4,0.06691091824248188,0.2217157879650348,8.452979592656161e-05,0.007779817590123746,0.13603580770640833,0.75,last12
120,Persistence,0,0.1358592730807314,0.3249785707227574,0.0001684765433045209,0.011458272606714974,0.31362176784495416,0.16666666666666666,last12
120,QR1,0,0.10751414677294796,0.29284130595043,0.00013903870816198851,0.010384648918823862,0.24420348177848847,0.6666666666666666,last12
120,QR1,1,0.10028778115241704,0.28033905253828145,0.00013163602452712122,0.009993624227655984,0.22216294722078314,0.5833333333333334,last12
120,QR1,2,0.10303265293679309,0.28086105615065193,0.0001365206962799287,0.01009941564714467,0.21722084926691365,0.5833333333333334,last12
120,QR1,3,0.1075175452201048,0.2938922619484354,0.00014064009734403546,0.010422018001174057,0.24906800540676519,0.6666666666666666,last12
120,QR1,4,0.10021239170847085,0.2792390108969621,0.00013338094871474926,0.010003765876430162,0.21965325223953872,0.5833333333333334,last12
120,QR2,0,0.11766837856363048,0.31060315719862974,0.00015674938936187784,0.01106804445460109,0.2785671854744023,0.5833333333333334,last12
120,QR2,1,0.10665880766588848,0.27953509341624067,0.0001361376703031271,0.009865488640270308,0.25051237917187547,0.6666666666666666,last12
120,QR2,2,0.10088512216212432,0.2740383594662437,0.00014210613038270534,0.010028712884070508,0.2219407936836195,0.5833333333333334,last12
120,QR2,3,0.11651687015740901,0.30480375237768426,0.00015263408447052418,0.010808779274560905,0.28402900639997347,0.75,last12
120,QR2,4,0.1156284350470715,0.286054376843145,0.00015328508274997722,0.010237105773602158,0.2727321463234361,0.6666666666666666,last12
571,AR1,0,0.09765668820423373,0.270240055991775,0.00012212944621535547,0.009642549132423128,0.19561720100048074,0.75,last12
571,AR3,0,0.08766801236560208,0.2692703990187813,0.0001115429680182939,0.009526680274370787,0.1843001980127658,0.6666666666666666,last12
571,ARMAX,0,0.0855634706833962,0.2572300578798444,0.00011003211029619193,0.009077161538233737,0.18467044011940348,0.75,last12
571,CRL,0,0.0866124474522726,0.2671345406665248,0.00011030350355573406,0.009443496925159525,0.1827823257204256,0.6666666666666666,last12
571,CRL,1,0.0874515133686131,0.2690199375164201,0.00011135359481063846,0.009517956822758107,0.18400236005960954,0.6666666666666666,last12
571,CRL,2,0.08754856236292567,0.2690561648688395,0.0001114101603456938,0.009518616598753301,0.1840994786868835,0.6666666666666666,last12
571,CRL,3,0.08740310793987048,0.2687867536035032,0.00011125003289784815,0.009508048368119994,0.18395663868322884,0.6666666666666666,last12
571,CRL,4,0.08762745890764846,0.26919773772229455,0.00011149783213376793,0.009523883677512267,0.18425153601929875,0.6666666666666666,last12
571,CRLX,0,0.10096324123221297,0.27931113554970016,0.00012629304612373255,0.009822163194933202,0.21529055095777835,0.5833333333333334,last12
571,CRLX,1,0.10012625734816094,0.2885007452315343,0.00012765229589620832,0.010220160762529941,0.2128911098135908,0.5833333333333334,last12
571,CRLX,2,0.10642478353301721,0.30262388271866364,0.00013653757182644654,0.010735848853479009,0.22705770123094657,0.5833333333333334,last12
571,CRLX,3,0.09077306999388,0.27597224660724,0.00011648521878409625,0.009781124106800376,0.19168281341142135,0.75,last12
571,CRLX,4,0.10402210789229872,0.29440315768426334,0.00013054259252007002,0.010398174464504712,0.21686725451773678,0.5833333333333334,last12
571,HAR,0,0.08551050995634102,0.25712970598308055,0.00010661054030834914,0.009057115071668533,0.17724010973369564,0.6666666666666666,last12
571,HARX,0,0.08672939537766104,0.26824702955250107,0.00011164851314712371,0.009498603229510913,0.1866787037168629,0.75,last12
571,LSTM,0,0.07764750816670503,0.25496177827048,0.00010037479144341158,0.009038756199116538,0.1541368751503565,0.6666666666666666,last12
571,LSTM,1,0.09949709180866416,0.28503142845962953,0.00012764500957776928,0.010088223824312207,0.21071298806232144,0.6666666666666666,last12
571,LSTM,2,0.10020231250907359,0.288553442540271,0.0001268426320132527,0.01007353340340855,0.22676704936520653,0.6666666666666666,last12
571,LSTM,3,0.08132813954424765,0.2589225435433323,0.00010606762473150555,0.009172691981090783,0.17553180728141426,0.6666666666666666,last12
571,LSTM,4,0.08591503031590476,0.2534291283911536,0.00010910388298292505,0.008941841193384191,0.17438780469510395,0.5833333333333334,last12
571,LSTMX,0,0.09275619535979908,0.2720129821564833,0.00011758616986807647,0.00958641048703228,0.20509191771269095,0.75,last12
571,LSTMX,1,0.09025773969604096,0.24852860136481478,0.00011452320750807446,0.008780189407866196,0.18507514398107253,0.5833333333333334,last12
571,LSTMX,2,0.08380958737765372,0.25779346997271196,0.00010864822066295673,0.009093941675062459,0.1812138491885189,0.75,last12
571,LSTMX,3,0.1026000169472272,0.27559054564331537,0.0001312060715481609,0.009707200738011944,0.22603260349809515,0.75,last12
571,LSTMX,4,0.08765930421361413,0.2717832532973492,0.00011419844310817242,0.009615276925857985,0.18978488232521817,0.75,last12
571,Persistence,0,0.1358592730807314,0.3249785707227574,0.0001684765433045209,0.011458272606714974,0.31362176784495416,0.16666666666666666,last12
571,QR1,0,0.0962490055582827,0.28162476409727216,0.0001244614919115889,0.009982888127330131,0.21012495125046401,0.75,last12
571,QR1,1,0.09639695205634434,0.28164345870359153,0.00012456207662792072,0.009957732885444713,0.21449288913640271,0.75,last12
571,QR1,2,0.09014940397453554,0.27244543572085694,0.00011589571581097331,0.009674788342125241,0.1922696089157326,0.75,last12
571,QR1,3,0.09462960254680737,0.2792124263179217,0.00012280564244190377,0.009886119862840713,0.2096629075976171,0.75,last12
571,QR1,4,0.09376798382370637,0.27869225410371906,0.00012128976933673441,0.009873555907346367,0.2061962401898418,0.75,last12
571,QR2,0,0.09358471096299452,0.2801096839876979,0.0001220504307194051,0.009968666137904083,0.20007594225484612,0.75,last12
571,QR2,1,0.08752168403947429,0.26957651563781093,0.00011339620963783953,0.009519815227717025,0.1927692088666433,0.75,last12
571,QR2,2,0.08624385531416905,0.2679211120414949,0.00011176435539629473,0.009527966224752634,0.1819215914454977,0.75,last12
571,QR2,3,0.08949153123438224,0.2735306914117483,0.00011562884391492243,0.009692086195468868,0.19401866850086388,0.75,last12
571,QR2,4,0.08769545418867684,0.2683778296677602,0.00011333544835240521,0.009495448881819376,0.19088994984083896,0.75,last12
