run_id,configuration,model,seed,window,target_month,forecast_origin,training_start,training_end,actual_log_rv,previous_log_rv,predicted_log_rv,status,warnings,seconds,error,forecast_monthly_volatility_percent
0a8ac71748b632f87da5fded013ca670ea8652daa0eca3ea04089ef5c432f285,modern,AR1,0,120,2026-09-30,2026-08-31,2016-09-30,2026-08-31,,-3.5077496504538077,-3.408842707926185,ok,[],7.800001185387373e-05,,3.307946083018126
0a8ac71748b632f87da5fded013ca670ea8652daa0eca3ea04089ef5c432f285,modern,AR1,0,571,2026-09-30,2026-08-31,1979-02-28,2026-08-31,,-3.5077496504538077,-3.4108544293700644,ok,[],0.0002080000122077763,,3.301298106128599
0a8ac71748b632f87da5fded013ca670ea8652daa0eca3ea04089ef5c432f285,modern,AR3,0,120,2026-09-30,2026-08-31,2016-09-30,2026-08-31,,-3.5077496504538077,-3.4131519550692566,ok,[],0.00010612502228468657,,3.2937219953762704
0a8ac71748b632f87da5fded013ca670ea8652daa0eca3ea04089ef5c432f285,modern,AR3,0,571,2026-09-30,2026-08-31,1979-02-28,2026-08-31,,-3.5077496504538077,-3.3783516289661284,ok,[],0.00027533399406820536,,3.4103623853817253
0a8ac71748b632f87da5fded013ca670ea8652daa0eca3ea04089ef5c432f285,modern,ARMAX,0,120,2026-09-30,2026-08-31,2016-09-30,2026-08-31,,-3.5077496504538077,-3.495127964040078,ok,[],0.09932179099996574,,3.034486513662762
0a8ac71748b632f87da5fded013ca670ea8652daa0eca3ea04089ef5c432f285,modern,ARMAX,0,571,2026-09-30,2026-08-31,1979-02-28,2026-08-31,,-3.5077496504538077,-3.4517468627158197,ok,[],0.4401641250005923,,3.169022951766808
0a8ac71748b632f87da5fded013ca670ea8652daa0eca3ea04089ef5c432f285,modern,CRL,0,120,2026-09-30,2026-08-31,2016-09-30,2026-08-31,,-3.5077496504538077,-3.4053294379180836,ok,[],0.0001418330066371709,,3.319588229807604
0a8ac71748b632f87da5fded013ca670ea8652daa0eca3ea04089ef5c432f285,modern,CRL,1,120,2026-09-30,2026-08-31,2016-09-30,2026-08-31,,-3.5077496504538077,-3.411727810648965,ok,[],0.0001389159879181534,,3.2984160729067673
0a8ac71748b632f87da5fded013ca670ea8652daa0eca3ea04089ef5c432f285,modern,CRL,2,120,2026-09-30,2026-08-31,2016-09-30,2026-08-31,,-3.5077496504538077,-3.4132194283818755,ok,[],0.0001374160056002438,,3.2934997645398063
0a8ac71748b632f87da5fded013ca670ea8652daa0eca3ea04089ef5c432f285,modern,CRL,3,120,2026-09-30,2026-08-31,2016-09-30,2026-08-31,,-3.5077496504538077,-3.4124505522519306,ok,[],0.0001348750083707273,,3.296033031652248
0a8ac71748b632f87da5fded013ca670ea8652daa0eca3ea04089ef5c432f285,modern,CRL,4,120,2026-09-30,2026-08-31,2016-09-30,2026-08-31,,-3.5077496504538077,-3.413104287775848,ok,[],0.00012658399646170437,,3.293879001931039
0a8ac71748b632f87da5fded013ca670ea8652daa0eca3ea04089ef5c432f285,modern,CRL,0,571,2026-09-30,2026-08-31,1979-02-28,2026-08-31,,-3.5077496504538077,-3.3814840906779917,ok,[],0.0001471659925300628,,3.3996962701064017
0a8ac71748b632f87da5fded013ca670ea8652daa0eca3ea04089ef5c432f285,modern,CRL,1,571,2026-09-30,2026-08-31,1979-02-28,2026-08-31,,-3.5077496504538077,-3.378067793574213,ok,[],0.0001500830112490803,,3.411330504312662
0a8ac71748b632f87da5fded013ca670ea8652daa0eca3ea04089ef5c432f285,modern,CRL,2,571,2026-09-30,2026-08-31,1979-02-28,2026-08-31,,-3.5077496504538077,-3.3787306272392423,ok,[],0.0001660000125411898,,3.4090701088277324
0a8ac71748b632f87da5fded013ca670ea8652daa0eca3ea04089ef5c432f285,modern,CRL,3,571,2026-09-30,2026-08-31,1979-02-28,2026-08-31,,-3.5077496504538077,-3.3786657034098386,ok,[],0.00015220898785628378,,3.4092914458988504
0a8ac71748b632f87da5fded013ca670ea8652daa0eca3ea04089ef5c432f285,modern,CRL,4,571,2026-09-30,2026-08-31,1979-02-28,2026-08-31,,-3.5077496504538077,-3.3784071178861224,ok,[],0.00013466598466038704,,3.4101731533063626
0a8ac71748b632f87da5fded013ca670ea8652daa0eca3ea04089ef5c432f285,modern,CRLX,0,120,2026-09-30,2026-08-31,2016-09-30,2026-08-31,,-3.5077496504538077,-3.709865449531282,ok,[],0.00011058300151489675,,2.4480816955460303
0a8ac71748b632f87da5fded013ca670ea8652daa0eca3ea04089ef5c432f285,modern,CRLX,1,120,2026-09-30,2026-08-31,2016-09-30,2026-08-31,,-3.5077496504538077,-3.44679443125648,ok,[],0.00010616699000820518,,3.1847562476061664
0a8ac71748b632f87da5fded013ca670ea8652daa0eca3ea04089ef5c432f285,modern,CRLX,2,120,2026-09-30,2026-08-31,2016-09-30,2026-08-31,,-3.5077496504538077,-3.3910507824722087,ok,[],0.00010704100714065135,,3.3673275015821846
0a8ac71748b632f87da5fded013ca670ea8652daa0eca3ea04089ef5c432f285,modern,CRLX,3,120,2026-09-30,2026-08-31,2016-09-30,2026-08-31,,-3.5077496504538077,-3.6819502527569776,ok,[],0.00011049999739043415,,2.517383159546136
0a8ac71748b632f87da5fded013ca670ea8652daa0eca3ea04089ef5c432f285,modern,CRLX,4,120,2026-09-30,2026-08-31,2016-09-30,2026-08-31,,-3.5077496504538077,-3.6832409248897218,ok,[],0.00010837501031346619,,2.514136139124806
0a8ac71748b632f87da5fded013ca670ea8652daa0eca3ea04089ef5c432f285,modern,CRLX,0,571,2026-09-30,2026-08-31,1979-02-28,2026-08-31,,-3.5077496504538077,-3.5349002518475254,ok,[],0.00011008299770765007,,2.916166566660052
0a8ac71748b632f87da5fded013ca670ea8652daa0eca3ea04089ef5c432f285,modern,CRLX,1,571,2026-09-30,2026-08-31,1979-02-28,2026-08-31,,-3.5077496504538077,-3.4224977213185226,ok,[],0.00014758302131667733,,3.263083034808002
0a8ac71748b632f87da5fded013ca670ea8652daa0eca3ea04089ef5c432f285,modern,CRLX,2,571,2026-09-30,2026-08-31,1979-02-28,2026-08-31,,-3.5077496504538077,-3.380211250694294,ok,[],0.00011704099597409368,,3.4040262945809654
0a8ac71748b632f87da5fded013ca670ea8652daa0eca3ea04089ef5c432f285,modern,CRLX,3,571,2026-09-30,2026-08-31,1979-02-28,2026-08-31,,-3.5077496504538077,-3.482791515152589,ok,[],0.00011179200373589993,,3.072153160067744
0a8ac71748b632f87da5fded013ca670ea8652daa0eca3ea04089ef5c432f285,modern,CRLX,4,571,2026-09-30,2026-08-31,1979-02-28,2026-08-31,,-3.5077496504538077,-3.4966079128906347,ok,[],0.00010987499263137579,,3.029998950336004
0a8ac71748b632f87da5fded013ca670ea8652daa0eca3ea04089ef5c432f285,modern,HAR,0,120,2026-09-30,2026-08-31,2016-09-30,2026-08-31,,-3.5077496504538077,-3.399468953488274,ok,[],5.370800499804318e-05,,3.3390997425561086
0a8ac71748b632f87da5fded013ca670ea8652daa0eca3ea04089ef5c432f285,modern,HAR,0,571,2026-09-30,2026-08-31,1979-02-28,2026-08-31,,-3.5077496504538077,-3.3810483065181436,ok,[],7.345800986513495e-05,,3.401178126750584
0a8ac71748b632f87da5fded013ca670ea8652daa0eca3ea04089ef5c432f285,modern,HARX,0,120,2026-09-30,2026-08-31,2016-09-30,2026-08-31,,-3.5077496504538077,-3.551949247593323,ok,[],6.533399573527277e-05,,2.866870275466909
0a8ac71748b632f87da5fded013ca670ea8652daa0eca3ea04089ef5c432f285,modern,HARX,0,571,2026-09-30,2026-08-31,1979-02-28,2026-08-31,,-3.5077496504538077,-3.4152860356973456,ok,[],8.745800005272031e-05,,3.28670042203831
0a8ac71748b632f87da5fded013ca670ea8652daa0eca3ea04089ef5c432f285,modern,LSTM,0,120,2026-09-30,2026-08-31,2016-09-30,2026-08-31,,-3.5077496504538077,-3.2799068788844634,ok,[],0.27640408399747685,,3.763176095557837
0a8ac71748b632f87da5fded013ca670ea8652daa0eca3ea04089ef5c432f285,modern,LSTM,1,120,2026-09-30,2026-08-31,2016-09-30,2026-08-31,,-3.5077496504538077,-3.2958788970748616,ok,[],0.2778391670144629,,3.7035480363435576
0a8ac71748b632f87da5fded013ca670ea8652daa0eca3ea04089ef5c432f285,modern,LSTM,2,120,2026-09-30,2026-08-31,2016-09-30,2026-08-31,,-3.5077496504538077,-3.2884000143925163,ok,[],0.2885358749772422,,3.7313502728583923
0a8ac71748b632f87da5fded013ca670ea8652daa0eca3ea04089ef5c432f285,modern,LSTM,3,120,2026-09-30,2026-08-31,2016-09-30,2026-08-31,,-3.5077496504538077,-3.2715575882055266,ok,[],0.28014037501998246,,3.7947274792036114
0a8ac71748b632f87da5fded013ca670ea8652daa0eca3ea04089ef5c432f285,modern,LSTM,4,120,2026-09-30,2026-08-31,2016-09-30,2026-08-31,,-3.5077496504538077,-3.289180257262985,ok,[],0.2836283749784343,,3.72844004889916
0a8ac71748b632f87da5fded013ca670ea8652daa0eca3ea04089ef5c432f285,modern,LSTM,0,571,2026-09-30,2026-08-31,1979-02-28,2026-08-31,,-3.5077496504538077,-3.278118464092142,ok,[],1.1954493749944959,,3.769912237065378
0a8ac71748b632f87da5fded013ca670ea8652daa0eca3ea04089ef5c432f285,modern,LSTM,1,571,2026-09-30,2026-08-31,1979-02-28,2026-08-31,,-3.5077496504538077,-3.3566940165263994,ok,[],1.242239833023632,,3.4850283166085183
0a8ac71748b632f87da5fded013ca670ea8652daa0eca3ea04089ef5c432f285,modern,LSTM,2,571,2026-09-30,2026-08-31,1979-02-28,2026-08-31,,-3.5077496504538077,-3.353246144040746,ok,[],1.290453499997966,,3.4970649883836407
0a8ac71748b632f87da5fded013ca670ea8652daa0eca3ea04089ef5c432f285,modern,LSTM,3,571,2026-09-30,2026-08-31,1979-02-28,2026-08-31,,-3.5077496504538077,-3.338542308833576,ok,[],1.3027701250102837,,3.548865152948438
0a8ac71748b632f87da5fded013ca670ea8652daa0eca3ea04089ef5c432f285,modern,LSTM,4,571,2026-09-30,2026-08-31,1979-02-28,2026-08-31,,-3.5077496504538077,-3.383037121084275,ok,[],1.2766517080017366,,3.3944205361747843
0a8ac71748b632f87da5fded013ca670ea8652daa0eca3ea04089ef5c432f285,modern,LSTMX,0,120,2026-09-30,2026-08-31,2016-09-30,2026-08-31,,-3.5077496504538077,-3.304150813494405,ok,[],0.27854354202281684,,3.6730389547816316
0a8ac71748b632f87da5fded013ca670ea8652daa0eca3ea04089ef5c432f285,modern,LSTMX,1,120,2026-09-30,2026-08-31,2016-09-30,2026-08-31,,-3.5077496504538077,-3.331109347459651,ok,[],0.27397204100270756,,3.5753420093757837
0a8ac71748b632f87da5fded013ca670ea8652daa0eca3ea04089ef5c432f285,modern,LSTMX,2,120,2026-09-30,2026-08-31,2016-09-30,2026-08-31,,-3.5077496504538077,-3.2967786611590277,ok,[],0.2560857920034323,,3.7002172155376503
0a8ac71748b632f87da5fded013ca670ea8652daa0eca3ea04089ef5c432f285,modern,LSTMX,3,120,2026-09-30,2026-08-31,2016-09-30,2026-08-31,,-3.5077496504538077,-3.3141343995058956,ok,[],0.24078858300345019,,3.6365512963570894
0a8ac71748b632f87da5fded013ca670ea8652daa0eca3ea04089ef5c432f285,modern,LSTMX,4,120,2026-09-30,2026-08-31,2016-09-30,2026-08-31,,-3.5077496504538077,-3.2967170133751207,ok,[],0.23148129097535275,,3.7004453327603515
0a8ac71748b632f87da5fded013ca670ea8652daa0eca3ea04089ef5c432f285,modern,LSTMX,0,571,2026-09-30,2026-08-31,1979-02-28,2026-08-31,,-3.5077496504538077,-3.440490968508504,ok,[],1.195101709017763,,3.2048946441094732
0a8ac71748b632f87da5fded013ca670ea8652daa0eca3ea04089ef5c432f285,modern,LSTMX,1,571,2026-09-30,2026-08-31,1979-02-28,2026-08-31,,-3.5077496504538077,-3.5510462040013278,ok,[],1.2410372919985093,,2.8694603535989667
0a8ac71748b632f87da5fded013ca670ea8652daa0eca3ea04089ef5c432f285,modern,LSTMX,2,571,2026-09-30,2026-08-31,1979-02-28,2026-08-31,,-3.5077496504538077,-3.5113710322713825,ok,[],1.2211943329893984,,2.985595288863721
0a8ac71748b632f87da5fded013ca670ea8652daa0eca3ea04089ef5c432f285,modern,LSTMX,3,571,2026-09-30,2026-08-31,1979-02-28,2026-08-31,,-3.5077496504538077,-3.4132288087231997,ok,[],1.0889454999996815,,3.2934688705327626
0a8ac71748b632f87da5fded013ca670ea8652daa0eca3ea04089ef5c432f285,modern,LSTMX,4,571,2026-09-30,2026-08-31,1979-02-28,2026-08-31,,-3.5077496504538077,-3.464579944913319,ok,[],1.0841012079908978,,3.1286144570726204
0a8ac71748b632f87da5fded013ca670ea8652daa0eca3ea04089ef5c432f285,modern,Persistence,0,120,2026-09-30,2026-08-31,2016-09-30,2026-08-31,,-3.5077496504538077,-3.5077496504538077,ok,[],4.362498293630779e-05,,2.996426870165763
0a8ac71748b632f87da5fded013ca670ea8652daa0eca3ea04089ef5c432f285,modern,Persistence,0,571,2026-09-30,2026-08-31,1979-02-28,2026-08-31,,-3.5077496504538077,-3.5077496504538077,ok,[],9.175000013783574e-05,,2.996426870165763
0a8ac71748b632f87da5fded013ca670ea8652daa0eca3ea04089ef5c432f285,modern,QR1,0,120,2026-09-30,2026-08-31,2016-09-30,2026-08-31,,-3.5077496504538077,-3.4764758565803913,ok,[],0.00012174999574199319,,3.091617230020569
0a8ac71748b632f87da5fded013ca670ea8652daa0eca3ea04089ef5c432f285,modern,QR1,1,120,2026-09-30,2026-08-31,2016-09-30,2026-08-31,,-3.5077496504538077,-3.4477164660874866,ok,[],9.858398698270321e-05,,3.1818211447590756
0a8ac71748b632f87da5fded013ca670ea8652daa0eca3ea04089ef5c432f285,modern,QR1,2,120,2026-09-30,2026-08-31,2016-09-30,2026-08-31,,-3.5077496504538077,-3.4654587870452467,ok,[],7.850001566112041e-05,,3.1258661067331177
0a8ac71748b632f87da5fded013ca670ea8652daa0eca3ea04089ef5c432f285,modern,QR1,3,120,2026-09-30,2026-08-31,2016-09-30,2026-08-31,,-3.5077496504538077,-3.455469434606834,ok,[],7.224999717436731e-05,,3.1572479662173865
0a8ac71748b632f87da5fded013ca670ea8652daa0eca3ea04089ef5c432f285,modern,QR1,4,120,2026-09-30,2026-08-31,2016-09-30,2026-08-31,,-3.5077496504538077,-3.419626934799558,ok,[],6.683298852294683e-05,,3.272464108682021
0a8ac71748b632f87da5fded013ca670ea8652daa0eca3ea04089ef5c432f285,modern,QR1,0,571,2026-09-30,2026-08-31,1979-02-28,2026-08-31,,-3.5077496504538077,-3.433546815720259,ok,[],7.425001240335405e-05,,3.227227373387922
0a8ac71748b632f87da5fded013ca670ea8652daa0eca3ea04089ef5c432f285,modern,QR1,1,571,2026-09-30,2026-08-31,1979-02-28,2026-08-31,,-3.5077496504538077,-3.4269170212070197,ok,[],8.008300210349262e-05,,3.2486943097794714
0a8ac71748b632f87da5fded013ca670ea8652daa0eca3ea04089ef5c432f285,modern,QR1,2,571,2026-09-30,2026-08-31,1979-02-28,2026-08-31,,-3.5077496504538077,-3.416106523321564,ok,[],7.837501470930874e-05,,3.2840048310182723
0a8ac71748b632f87da5fded013ca670ea8652daa0eca3ea04089ef5c432f285,modern,QR1,3,571,2026-09-30,2026-08-31,1979-02-28,2026-08-31,,-3.5077496504538077,-3.436353975954326,ok,[],6.812499486841261e-05,,3.2181807326648397
0a8ac71748b632f87da5fded013ca670ea8652daa0eca3ea04089ef5c432f285,modern,QR1,4,571,2026-09-30,2026-08-31,1979-02-28,2026-08-31,,-3.5077496504538077,-3.428718576208653,ok,[],6.479199510067701e-05,,3.2428468771142285
0a8ac71748b632f87da5fded013ca670ea8652daa0eca3ea04089ef5c432f285,modern,QR2,0,120,2026-09-30,2026-08-31,2016-09-30,2026-08-31,,-3.5077496504538077,-3.634659265712468,ok,[],7.845900836400688e-05,,2.639292583026938
0a8ac71748b632f87da5fded013ca670ea8652daa0eca3ea04089ef5c432f285,modern,QR2,1,120,2026-09-30,2026-08-31,2016-09-30,2026-08-31,,-3.5077496504538077,-3.4725519452394966,ok,[],6.68749853502959e-05,,3.103772294031876
0a8ac71748b632f87da5fded013ca670ea8652daa0eca3ea04089ef5c432f285,modern,QR2,2,120,2026-09-30,2026-08-31,2016-09-30,2026-08-31,,-3.5077496504538077,-3.697989694416168,ok,[],7.78749817982316e-05,,2.4773278305095054
0a8ac71748b632f87da5fded013ca670ea8652daa0eca3ea04089ef5c432f285,modern,QR2,3,120,2026-09-30,2026-08-31,2016-09-30,2026-08-31,,-3.5077496504538077,-3.635242183987727,ok,[],6.275001214817166e-05,,2.637754539466937
0a8ac71748b632f87da5fded013ca670ea8652daa0eca3ea04089ef5c432f285,modern,QR2,4,120,2026-09-30,2026-08-31,2016-09-30,2026-08-31,,-3.5077496504538077,-3.5839300645655405,ok,[],7.666702731512487e-05,,2.7766359955314663
0a8ac71748b632f87da5fded013ca670ea8652daa0eca3ea04089ef5c432f285,modern,QR2,0,571,2026-09-30,2026-08-31,1979-02-28,2026-08-31,,-3.5077496504538077,-3.4605222289732556,ok,[],8.233299013227224e-05,,3.1413352771084297
0a8ac71748b632f87da5fded013ca670ea8652daa0eca3ea04089ef5c432f285,modern,QR2,1,571,2026-09-30,2026-08-31,1979-02-28,2026-08-31,,-3.5077496504538077,-3.4249127775605883,ok,[],8.920900290831923e-05,,3.255212014060945
0a8ac71748b632f87da5fded013ca670ea8652daa0eca3ea04089ef5c432f285,modern,QR2,2,571,2026-09-30,2026-08-31,1979-02-28,2026-08-31,,-3.5077496504538077,-3.4211864106738092,ok,[],8.575001265853643e-05,,3.2673647570465563
0a8ac71748b632f87da5fded013ca670ea8652daa0eca3ea04089ef5c432f285,modern,QR2,3,571,2026-09-30,2026-08-31,1979-02-28,2026-08-31,,-3.5077496504538077,-3.4271267280108333,ok,[],8.05000017862767e-05,,3.24801310790803
0a8ac71748b632f87da5fded013ca670ea8652daa0eca3ea04089ef5c432f285,modern,QR2,4,571,2026-09-30,2026-08-31,1979-02-28,2026-08-31,,-3.5077496504538077,-3.4333765306739186,ok,[],8.379100472666323e-05,,3.227776968743358
